COD_PARROQUIA;NOM_PARROQUIA;COD_CANTON;COD_CIRCUNSCRIPCION
1125;EL CARMELO/EL PUN/;5;0
1195;EL CHICAL;5;0
1765;SANTA MARTHA DE CUBA;5;0
1885;JULIO ANDRADE;5;0
2340;MALDONADO;5;0
2900;PIOTER;5;0
4040;TOBAR DONOSO;5;0
4070;TUFI헲;5;0
4130;URBINA;5;0
5415;GONZALEZ SUAREZ;5;0
6165;TULCAN;5;0
250;PIARTAL;10;0
690;CRISTOBAL COLON;10;0
910;CHITAN DE NAVARRETES;10;0
1270;FERNANDEZ SALVADOR;10;0
2065;LA PAZ;10;0
5405;GONZALEZ SUAREZ;10;0
5970;SAN JOSE;10;0
9001;C. E. EN BERLIN;11;0
1150;EL GOALTAL / LAS JUNTAS;15;0
2040;LA LIBERTAD;15;0
3435;SAN ISIDRO;15;0
5295;EL ANGEL;15;0
6250;27 DE SEPTIEMBRE;15;0
1835;JIJON Y CAAMA헲;20;0
1875;JUAN MONTALVO;20;0
2010;LA CONCEPCION;20;0
5685;MIRA;20;0
9003;C. E. EN BUENOS AIRES;21;0
1055;SAN RAFAEL;25;0
1315;GARCIA MORENO;25;0
2205;LOS ANDES;25;0
2455;MONTEOLIVO;25;0
3680;SAN VICENTE DE PUSIR;25;0
6520;BOLIVAR;25;0
100;AMBUQUI/CHOTA;30;0
130;ANGOCHAGUA;30;0
530;CAROLINA /GUALLUPI;30;0
2020;LA ESPERANZA;30;0
2185;LITA;30;0
3290;SALINAS;30;0
3315;SAN ANTONIO;30;0
5165;CARANQUI;30;0
5440;GUAYAQUIL DE ALPACHACA;30;0
5915;SAGRARIO;30;0
5960;SAN FRANCISCO;30;0
6780;LA DOLOROSA DEL PRIORATO;30;0
9005;C. E. EN CAMBERRA;31;0
1040;DR MIGUEL EGAS/PEGUCHE;35;0
1215;EUGENIO ESPEJO;35;0
1360;GONZALEZ SUAREZ;35;0
2785;PATAQUI;35;0
3490;SAN JOSE DE QUICHINCHE;35;0
3525;SAN JUAN DE ILUMAN;35;0
3590;SAN PABLO;35;0
3630;SAN RAFAEL;35;0
3810;SELVA ALEGRE;35;0
5490;JORDAN;35;0
5980;SAN LUIS;35;0
145;APUELA;40;0
1310;GARCIA MORENO / LLURIMAGUA;40;0
1710;IMANTAG;40;0
2820;PE헤HERRERA;40;0
2915;PLAZA GUTIERREZ/CALVARIO;40;0
3115;QUIROGA;40;0
3800;6 DE JULIO DE CUELLAJE;40;0
4185;VACAS GALINDO;40;0
5910;SAGRARIO;40;0
5955;SAN FRANCISCO;40;0
9006;C. E. EN VIENA;41;0
1715;IMBAYA;45;0
3400;SAN FCO.DE NATABUELA;45;0
3465;SAN JOSE DE CHALTURA;45;0
3640;SAN ROQUE;45;0
5025;ANDRADE MARIN/LOURDES;45;0
5050;ATUNTAQUI;45;0
955;CHUGA;50;0
2380;MARIANO ACOSTA;50;0
3415;SAN FRANCISCO DE SIGSIPAMBA;50;0
5750;PIMAMPIRO;50;0
9007;C. E. EN BRUSELAS;51;0
425;CAHUASQUI;55;0
2060;LA MERCED DE BUENOS AIRES;55;0
2675;PABLO ARENAS;55;0
3365;SAN BLAS;55;0
4080;TUMBABIRO;55;0
6190;URCUQUI;55;0
30;ALANGASI;60;3
80;AMAGUA헤;60;3
195;ATAHUALPA /HABASPAMBA;60;3
430;CALACALI;60;3
440;CALDERON;60;3
625;CONOCOTO;60;3
725;CUMBAYA;60;3
855;CHAVEZPAMBA;60;3
865;CHECA;60;3
1400;GUALEA;60;3
1440;GUANGOPOLO;60;3
1475;GUAYLLABAMBA;60;3
2055;LA MERCED;60;3
2265;LLANO CHICO;60;3
2275;LLOA;60;3
2525;NANEGAL;60;3
2530;NANEGALITO;60;3
2540;NAYON;60;3
2560;NONO;60;3
2690;PACTO;60;3
2825;PERUCHO;60;3
2855;PIFO;60;3
2895;PINTAG;60;3
2925;POMASQUI;60;3
2980;PUELLARO;60;3
2985;PUEMBO;60;3
3100;QUINCHE;60;3
3325;SAN ANTONIO;60;3
3475;SAN JOSE DE MINAS;60;3
3925;TABABELA;60;3
4085;TUMBACO;60;3
4290;YARUQUI;60;3
4325;ZAMBIZA;60;3
5015;CHIMBACALLE;60;2
5220;COTOCOLLAO;60;1
5260;CHILLOGALLO;60;2
5535;LA LIBERTAD;60;2
5540;LA MAGDALENA;60;2
7130;BELISARIO QUEVEDO;60;1
7135;CARCELEN;60;1
7140;CENTRO HISTORICO;60;2
7145;COCHAPAMBA;60;1
7150;COMITE DEL PUEBLO;60;1
7155;CHILIBULO;60;2
7160;EL CONDADO;60;1
7165;GUAMANI;60;2
7170;I헤QUITO;60;1
7175;ITCHIMBIA;60;1
7180;JIPIJAPA;60;1
7185;KENNEDY;60;1
7190;LA ARGELIA;60;2
7195;LA CONCEPCION;60;1
7200;LA ECUATORIANA;60;2
7205;LA FERROVIARIA;60;2
7210;LA MENA;60;2
7215;MARISCAL SUCRE;60;1
7220;PONCEANO;60;1
7225;PUENGASI;60;2
7230;QUITUMBE;60;2
7235;RUMIPAMBA;60;1
7240;SAN BARTOLO;60;2
7245;SAN ISIDRO DEL INCA;60;1
7250;SAN JUAN;60;1
7255;SOLANDA;60;2
7260;TURUBAMBA;60;2
9008;C. E. EN LA PAZ;61;0
165;ASCAZUBI;65;4
480;CANGAHUA;65;4
2600;OLMEDO/PESILLO;65;4
2635;OTON;65;4
3735;STA.ROSA DE CUSUBAMBA;65;4
4620;SAN JOSE DE AYORA;65;4
5190;CAYAMBE;65;4
5495;JUAN MONTALVO;65;4
55;ALOAG;70;4
60;ALOASI;70;4
650;CORNEJO ASTORGA /TANDAPI;70;4
755;CUTUGLAGUA;70;4
850;CHAUPI;70;4
3960;TAMBILLO;70;4
4155;UYUMBICHO;70;4
5620;MACHACHI;70;4
9009;C. E. EN BRASILIA;71;0
9067;C. E. EN SAO PAULO;71;0
2025;LA ESPERANZA;75;4
2330;MALCHINGUI;75;4
4045;TOCACHI;75;4
4090;TUPIGACHI;75;4
6145;TABACUNDO;75;4
680;COTOGCHOA;80;4
3230;RUMIPAMBA;80;4
5965;SANGOLQUI;80;4
6600;SAN RAFAEL;80;4
6605;SAN PEDRO DE TABOADA;80;4
7535;FAJARDO;80;4
9011;C. E. EN TORONTO;81;0
9012;C. E. EN OTTAWA;81;0
75;ALLURIQUIN;85;0
305;VALLE HERMOSO;85;0
1755;LUZ DE AMERICA;85;0
1970;SAN JACINTO DEL BUA;85;0
1990;EL ESFUERZO;85;0
2045;SANTA MARIA DEL TOACHI;85;0
4440;PUERTO LIMON;85;0
5730;ABRAHAM CALAZACON;85;0
5860;BOMBOLI;85;0
5865;RIO VERDE;85;0
5870;RIO TOACHI;85;0
6065;SANTO DOMINGO;85;0
6175;CHIGUILPE;85;0
6180;ZARACAY;85;0
1375;QUINCHICOTO;90;0
5515;TISALEO;90;0
9013;C. E. EN BOGOTA;91;0
9015;C. E. EN IPIALES;91;0
5470;BALAO;95;4
35;ALAQUEZ;100;0
315;BELISARIO QUEVEDO;100;0
1485;GUAYTACAMA;100;0
1905;JOSEGUANGO BAJO;100;0
2480;MULALO;100;0
2620;11 DE NOVIEMBRE;100;0
2920;POALO;100;0
3530;SAN JUAN DE PASTOCALLE;100;0
3965;TANICUCHI;100;0
4035;TOACAZO;100;0
5310;ELOY ALFARO / SAN FELIPE;100;0
5465;IGNACIO FLORES;100;0
5500;JUAN MONTALVO;100;0
5555;LA MATRIZ;100;0
5940;SAN BUENAVENTURA;100;0
9016;C. E. EN SEUL;101;0
125;ANGAMARCA;105;0
1430;GUANGAJE;105;0
2150;LA VICTORIA;105;0
2865;PILALO;105;0
4015;TINGO;105;0
4365;ZUMBAHUA;105;0
5820;PUJILI;105;0
135;ANTONIO J. HOLGUIN;110;0
745;CUSUBAMBA;110;0
2475;MULALILLO;110;0
2490;MULLIQUINDIL;110;0
2760;PANZALEO;110;0
6000;SAN MIGUEL DE SALCEDO;110;0
9017;C. E. EN SAN JOSE;111;0
465;CANCHAGUA;115;0
830;CHANTILIN;115;0
990;COCHAPAMBA;115;0
6070;SAQUISILI;115;0
2460;MORASPUNGO;120;0
2890;PINLLOPATA;120;0
3155;RAMON CAMPA헤;120;0
5305;EL CORAZON;120;0
9018;C. E. EN LA HABANA;121;0
1435;SAN JACINTO;125;4
5365;COLIMES;125;4
1675;ZURMI;130;0
4570;NUEVO PARAISO;130;0
4655;NANKAIS;130;0
5520;GUAYZIMI;130;0
9019;C. E. EN SANTIAGO;131;0
95;AMBATILLO;135;0
190;ATAHUALPA /CHIPZALATA;135;0
210;AUGUSTO N MARTINEZ;135;0
635;CONSTANTINO FERNANDEZ;135;0
800;CUNCHIBAMBA;135;0
810;UNAMUNCHO;135;0
1625;HUACHI GRANDE;135;0
1745;IZAMBA;135;0
1860;JUAN BENIGNO VELA;135;0
2435;MONTALVO;135;0
2775;PASA;135;0
2830;PICAYHUA;135;0
2860;PILAHUIN;135;0
3120;QUISAPINCHA;135;0
3355;SAN BARTOLOME;135;0
3380;SAN FERNANDO;135;0
3730;SANTA ROSA;135;0
4065;TOTORAS;135;0
5045;ATOCHA FICOA;135;0
5230;CELIANO MONGE;135;0
5445;HUACHI LORETO;135;0
5455;HUACHI CHICO;135;0
5545;LA MATRIZ;135;0
5560;LA MERCED;135;0
5605;LA PENINSULA;135;0
5840;PISHILATA;135;0
5945;SAN FRANCISCO;135;0
335;BENITEZ /PACHANLICA;140;0
365;BOLIVAR;140;0
675;COTALO;140;0
900;CHIQUICHA;140;0
1185;EL ROSARIO /RUMICHACA;140;0
1320;GARCIA MORENO;140;0
1630;HUAMBALO;140;0
3905;SALASACA;140;0
5780;PELILEO;140;0
5900;PELILEO GRANDE /R. MINO;140;0
9020;C. E. EN BEIJING;141;0
9068;C. E. EN SHANGAI;141;0
9075;C. E. EN GUANZHOU;141;0
295;BAQUERIZO MORENO;145;0
1210;EMILIO MARIA TERAN;145;0
2375;MARCOS ESPINEL;145;0
2945;PRESIDENTE URBINA;145;0
3300;SAN ANDRES;145;0
3485;SAN JOSE DE POALO;145;0
3585;SAN MIGUELITO;145;0
5225;CIUDAD NUEVA;145;0
5785;PILLARO;145;0
2270;LLIGUA;150;0
3190;RIO NEGRO;150;0
3200;RIO VERDE;150;0
4135;ULBA;150;0
5105;BA헲S;150;0
2210;LOS ANDES;155;0
3885;SUCRE;155;0
4110;EL TRIUNFO;155;0
5830;PATATE;155;0
4310;YANAYACU MOCHAPATA;160;0
4550;RUMIPAMBA;160;0
5835;QUERO;160;0
9022;C. E. EN SAN SALVADOR;161;0
795;SAN LUIS DE PAMBIL;165;0
1255;FACUNDO VELA;165;0
1890;JULIO E MORENO;165;0
3285;SALINAS;165;0
3545;SAN LORENZO;165;0
3670;SAN SIMON;165;0
3710;SANTA FE;165;0
3860;SIMIATUG;165;0
5035;ANGEL POLIVIO CHAVEZ;165;0
5375;GABRIEL I VEINTIMILLA;165;0
6630;GUANUJO;165;0
170;ASUNCION;170;0
2315;MAGDALENA/CHAPACOTO;170;0
3655;SAN SEBASTIAN;170;0
3995;TELIMBELA;170;0
5975;SAN JOSE DE CHIMBO;170;0
9021;C. E. EN PALMA DE MALLORCA;171;0
9023;C. E. EN BARCELONA;171;0
9024;C. E. EN MADRID;171;0
9025;C. E. EN VALENCIA;171;0
9026;C. E. EN MURCIA;171;0
9066;C. E. EN MALAGA;171;0
275;BALZAPAMBA;175;0
345;BILOVAN;175;0
3595;SAN PABLO DE ATENAS;175;0
3775;SANTIAGO;175;0
3900;SAN VICENTE;175;0
4515;REGULO DE MORA;175;0
5995;SAN MIGUEL;175;0
3500;SAN JOSE DE TAMBO;180;0
5245;CHILLANES;180;0
9027;C. E. EN CHICAGO;181;0
9028;C. E. EN MIAMI;181;0
9029;C. E. EN NUEVA YORK;181;0
9031;C. E. EN WASHINGTON;181;0
9032;C. E. EN LOS ANGELES;181;0
9033;C. E. EN CONNECTICUT;181;0
9034;C. E. EN HOUSTON;181;0
9035;C. E. EN NEW JERSEY;181;0
9069;C. E. EN MINNEAPOLIS;181;0
9071;C. E. EN ATLANTA;181;0
9073;C. E. EN PHOENIX;181;0
5350;ECHEANDIA;185;0
5475;CHAMBO;190;0
9036;C. E. EN PARIS;191;0
420;CACHA;195;0
445;CALPI;195;0
705;CUBIJIES;195;0
1280;FLORES;195;0
2160;LICAN;195;0
2165;LICTO;195;0
3035;PUNGALA;195;0
3040;PUNIN;195;0
3095;QUIMIAG;195;0
3515;SAN JUAN;195;0
3560;SAN LUIS;195;0
5590;LIZARZABURU;195;0
5630;MALDONADO;195;0
6220;VELASCO;195;0
6230;VELOZ;195;0
6290;YARUQUIES;195;0
40;SANTA FE DE GALAN;200;0
45;SAN JOSE DEL CHAZO;200;0
410;VALPARAISO;200;0
1415;GUANANDO;200;0
1705;ILAPO;200;0
2080;LA PROVIDENCIA;200;0
3295;SAN ANDRES;200;0
3425;SAN GERARDO / PAQUICAHUAN;200;0
3450;SAN ISIDRO DE PATULU;200;0
5315;EL ROSARIO;200;0
5550;LA MATRIZ;200;0
9037;C. E. EN LONDRES;201;0
500;CANI;205;0
610;COLUMBE;205;0
1865;JUAN DE VELASCO / PONGOR;205;0
4430;SANTIAGO DE QUITO;205;0
5145;CAJABAMBA;205;0
6080;SICALPA;205;0
555;CEBADAS;210;0
2730;PALMIRA;210;0
5430;GUAMOTE;210;0
9038;C. E. EN GUATEMALA;211;0
20;ACHUPALLAS;215;0
1465;GUASUNTOS;215;0
1660;HUIGRA;215;0
2485;MULTITUD;215;0
2905;PISTISHI;215;0
3025;PUMALLACTA;215;0
3820;SEVILLA;215;0
3845;SIBAMBE;215;0
4030;TIXAN;215;0
5010;ALAUSI;215;0
515;CAPZOL;220;0
615;COMPUD;220;0
1370;GONZOL;220;0
2260;LLAGOS;220;0
5255;CHUNCHI;220;0
9039;C. E. EN TEGUCIGALPA;221;0
925;LA CANDELARIA;225;0
1110;EL ALTAR;225;0
1325;BILBAO;225;0
2400;MATUS;225;0
2975;PUELA;225;0
3335;SAN ANTONIO DE BAYUSHIG;225;0
5740;PENIPE;225;0
1600;NOVILLO;230;1
1620;ZAPALLO;230;1
5480;FLAVIO ALFARO;230;1
9040;C. E. EN BUDAPEST;231;0
585;COJITAMBO;235;0
1445;GUAPAN;235;0
1825;JAVIER LOYOLA / CHUQUIPATA;235;0
2220;LUIS CORDERO;235;0
2885;PINDILIG;235;0
3210;RIVERA;235;0
3575;SAN MIGUEL;235;0
3945;TADAY;235;0
5065;AZOGUES;235;0
5950;SAN FRANCISCO;235;0
6790;BORRERO;235;0
6845;AURELIO BAYAS MARTINEZ;235;0
935;CHONTAMARCA;240;0
950;CHOROCOPTE;240;0
1335;GRAL.MORALES / SOCARTE;240;0
1410;GUALLETURO;240;0
1605;HONORATO VASQUEZ;240;0
1725;INGAPIRCA;240;0
1775;VENTURA;240;0
1895;DUCUR;240;0
1900;JUNCAL;240;0
3305;SAN ANTONIO;240;0
4345;ZHUD;240;0
5160;CA헤R;240;0
6715;SUSCAL;241;0
1085;JERUSALEN;245;0
2545;NAZON;245;0
3410;SAN FCO. DE SAGEO;245;0
4100;TURUPAMBA;245;0
5115;BIBLIAN;245;0
2365;MANUEL J. CALLE;250;0
2745;PANCHO NEGRO;250;0
5610;LA TRONCAL;250;0
9042;C. E. EN TEL AVIV;251;0
1020;GONZALO DIAZ DE PINEDA;255;0
2180;LINARES;255;0
2640;OYACACHI;255;0
3745;SANTA ROSA DE QUIJOS;255;0
3790;SARDINAS;255;0
5510;EL CHACO;255;0
285;BA헲S;260;0
730;CUMBE;260;0
845;CHAUCHA / ANGAS;260;0
860;CHECA JIDCAY;260;0
905;CHIQUINTAD;260;0
2255;LLACAO;260;0
2430;MOLLETURO;260;0
2570;MULTI /  NULTI;260;0
2595;OCTAVIO CORDERO PALACIOS;260;0
2680;PACCHA;260;0
3105;QUINGEO;260;0
3165;RICAURTE;260;0
3460;SAN JOAQUIN;260;0
3685;SANTA ANA;260;0
3795;SAYAUSI;260;0
3850;SIDCAY;260;0
3870;SININCAY;260;0
3980;TARQUI;260;0
4095;TURI;260;0
4200;VALLE;260;0
4225;VICTORIA DEL PORTETE;260;0
5075;BELLAVISTA;260;0
5080;CA헤RIBAMBA;260;0
5135;EL BATAN;260;0
5140;MACHANGARA;260;0
5290;MONAY;260;0
5330;EL VECINO;260;0
5360;TOTORACOCHA;260;0
5370;YANUNCAY;260;0
5450;HUAYNACAPAC;260;0
5875;RAMIREZ DAVALOS;260;0
5905;SAGRARIO;260;0
5930;SAN BLAS;260;0
6010;SAN SEBASTIAN;260;0
6090;SUCRE;260;0
6865;HERMANO MIGUEL;260;0
9043;C. E. EN MILAN;261;0
9044;C. E. EN GENOVA;261;0
9045;C. E. EN ROMA;261;0
1005;DANIEL CORDOVA TORAL;265;0
1760;LUIS CORDERO VEGA;265;0
1805;JADAN;265;0
2385;MARIANO MORENO/CALLASAY;265;0
3160;REMIGIO CRESPO TORAL;265;0
3505;SAN JUAN;265;0
3780;SIMON BOLIVAR;265;0
4340;ZHIDMAD;265;0
5420;GUALACEO;265;0
175;ASUNCION;270;0
885;SAN GERARDO;270;0
5395;GIRON;270;0
9046;C. E. EN TOKIO;271;0
395;BULAN / J. VICTOR IZQUIERDO;275;0
870;CHICAN / GUILLERMO ORTEGA;275;0
890;DUG-DUG;275;0
1455;GUARAINAC;275;0
3375;SAN CRISTOBAL;275;0
4050;TOMEBAMBA;275;0
4565;EL CABO;275;0
5775;PAUTE;275;0
750;CUTCHIL;280;0
1355;GIMA;280;0
1490;GUEL;280;0
2215;LUDO;280;0
3360;SAN BARTOLOME;280;0
3495;SAN JOSE DE RARANGA;280;0
6085;SIGSIG;280;0
9047;C. E. EN MEXICO;281;0
9086;C. E. EN MONTERREY;281;0
15;ABDON CALDERON / LA UNION;285;0
3835;SHAGLLI;285;0
4610;SAN SALVADOR DE CA헤RIBAMBA;285;0
6045;SANTA ISABEL;285;0
1200;EL TAMBO;290;0
1480;GUAYQUICHUMA;290;0
3610;SAN PEDRO DE LA BENDITA;290;0
4455;ZAMBI;290;0
5270;CATAMAYO;290;0
6825;SAN JOSE;290;0
280;LIMONES;295;0
290;GARZAREAL;295;0
550;MANGAHURCO;295;0
2000;BOLASPAMBA;295;0
2710;PALETILLAS;295;0
4605;CAZADEROS;295;0
6320;ZAPOTILLO;295;0
975;CHUQUIRIBAMBA;300;0
1135;EL CISNE;300;0
1405;GUALEL;300;0
1780;QUINARA;300;0
1840;JIMBILLA;300;0
2325;MALACATOS/VALLADOLID;300;0
3555;SAN LUCAS;300;0
3770;SANTIAGO;300;0
3970;TAQUIL /MIGUEL RIOFRIO;300;0
4235;VILCABAMBA/VICTORIA;300;0
4280;YANGANA / ARSENIO CASTILLO;300;0
4475;CHANTACO;300;0
4540;SAN PEDRO DE VILCABAMBA;300;0
5320;EL SAGRARIO;300;0
6015;SAN SEBASTIAN;300;0
6100;SUCRE;300;0
6210;EL VALLE;300;0
7525;CARIGAN;300;0
7530;PUNZARA;300;0
9049;C. E. EN LA HAYA;301;0
310;SUMAYPAMBA;305;0
1165;EL PARAISO DE CELEN;305;0
1190;EL TABLON;305;0
2280;LLUZHAPA;305;0
2360;MANU;305;0
3340;SAN ANTONIO DE CUMBE;305;0
3600;SAN PABLO DE TENTA;305;0
3665;SAN SEBASTIAN DE YULUC;305;0
3815;SELVA ALEGRE;305;0
4145;URDANETA/PAQUISHAPA;305;0
6075;SARAGURO;305;0
485;CANGONAMA;310;0
545;SAN ANTONIO;310;0
995;CASANGA;310;0
1000;YAMANA;310;0
1380;GUACHANAMA;310;0
2140;LAURO GUERRERO;310;0
2630;ORIANGA;310;0
5180;CATACOCHA;310;0
5595;LOURDES;310;0
2120;LA TINGUE;311;0
6730;OLMEDO;311;0
9050;C. E. EN PANAMA;312;0
695;CRUZPAMBA/BUSTAMANTE;315;0
1495;TNTE M.RODRIGUEZ LOAYZA;315;0
3255;SABANILLA;315;0
3535;SAN JUAN DE POZUL;315;0
5195;CELICA;315;0
590;COLAIZACA;320;0
1230;EL LUCERO;320;0
1550;SANGUILLIN;320;0
4150;UTUANA;320;0
5175;CARIAMANGA;320;0
5240;CHILE;320;0
6025;SAN VICENTE;320;0
9051;C. E. EN ASUNCION;321;0
2085;LA RAMA;325;0
2145;LA VICTORIA;325;0
3265;SABIANGO;325;0
5385;GRAL.ELOY ALFARO;325;0
5680;MACARA;325;0
270;EL ARENAL;330;0
565;CIANO;330;0
1155;EL LIMO /MARIANA DE JESUS;330;0
2405;MERCADILLO;330;0
4210;VICENTINO;330;0
5005;ALAMOR;330;0
9052;C. E. EN LIMA;331;0
9054;C. E. EN TUMBES;331;0
825;CHANGAIMINA /LA LIBERTAD;335;0
2520;NAMBACOLA;335;0
3045;PURUNUMA /EGUIGUREN;335;0
3270;SACAPALCA;335;0
5400;GONZANAMA;335;0
320;BELLAVISTA;340;0
790;EL INGENIO;340;0
1645;EL AIRO;340;0
1845;JIMBURA;340;0
3765;SANTA TERESITA;340;0
4460;27 DE ABRIL /LA NARANJA;340;0
5020;AMALUZA;340;0
9055;C. E. EN EL CAIRO;341;0
2575;NUEVA FATIMA;345;0
3935;TACAMOROS;345;0
6120;SOZORANGA;345;0
255;EL RETIRO;350;0
5565;LA PROVIDENCIA;350;0
5625;MACHALA;350;0
5805;PUERTO BOLIVAR;350;0
6490;9 DE MAYO;350;0
6795;EL CAMBIO;350;0
7505;JUBONES;350;0
7510;JAMBELI;350;0
9056;C. E. EN SANTO DOMINGO;351;0
325;BELLAVISTA;355;0
1665;BELLAMARIA;355;0
1815;JAMBELI;355;0
2005;LA AVANZADA;355;0
3330;SAN ANTONIO;355;0
4215;VICTORIA;355;0
4525;TORATA;355;0
6060;SANTA ROSA;355;0
6670;PUERTO JELI;355;0
6900;BALNEARIO JAMBELI;355;0
6985;JUMON;355;0
6990;NUEVO SANTA ROSA;355;0
5;ABANIN;360;0
1420;GUANAZAN;360;0
1425;GUIZHAGUI헤;360;0
1655;HUERTAS;360;0
1700;SINSAO;360;0
1750;SALVIAS;360;0
2350;MALVAS;360;0
4445;ARCAPAMBA;360;0
4450;MULUNCAY GRANDE;360;0
6310;ZARUMA;360;0
9057;C. E. EN ESTOCOLMO;361;0
390;BUENAVISTA;365;0
775;CA헤QUEMADA;365;0
1225;PROGRESO;365;0
2075;LA PEA헤;365;0
4160;UZHCURRUMI;365;0
4495;CASACAY;365;0
5770;OCHOA LEON/MATRIZ;365;0
6365;LOMA DE FRANCO;365;0
6370;BOLIVAR;365;0
6375;TRES CERRITOS;365;0
505;CAPIRO;370;0
1385;SARACAY;370;0
2230;LA BOCANA;370;0
2465;MOROMORO;370;0
2850;PIEDRAS;370;0
3650;SAN ROQUE;370;0
5790;PI헤S;370;0
6675;PI헤S GRANDE;370;0
6680;LA SUSAYA;370;0
9058;C. E. EN BERNA;371;0
805;CHACRAS;375;0
1695;CARCABON;375;0
2715;PALMALES;375;0
4650;LA CUCA;375;0
5040;ARENILLAS;375;0
245;LA IBERIA;380;0
300;BARBONES;380;0
2050;RIO BONITO;380;0
4000;TENDALES;380;0
5340;EL GUABO;380;0
9060;C. E. EN MOSCU;381;0
1470;GUAYAS / PUERTO NUEVO;385;4
1640;EL ROSARIO;385;4
6225;VELASCO IBARRA;385;4
1870;JUAN GOMEZ RENDON;390;3
2470;MORRO;390;3
2940;POSORJA;390;3
3030;PUNA;390;3
4120;TENGUEL;390;3
5055;AYACUCHO;390;3
5125;BOLIVAR/SAGRARIO;390;3
5170;CARBO/CONCEPCION;390;3
5355;FEBRES CORDERO;390;1
5380;GARCIA MORENO;390;3
5585;LETAMENDI;390;3
5695;9 DE OCTUBRE;390;3
5720;OLMEDO/SAN ALEJO;390;3
5880;ROCA;390;3
5890;ROCAFUERTE;390;3
6095;SUCRE;390;3
6150;TARQUI;390;2
6150;TARQUI;390;3
6185;URDANETA;390;3
6265;XIMENA;390;1
6405;PASCUALES;390;2
9061;C. E. EN MONTEVIDEO;391;0
1340;GRAL.PEDRO MONTERO;395;4
1915;VIRGEN DE FATIMA;395;4
4275;YAGUACHI VIEJO/CONE;395;4
6285;YAGUACHI NUEVO;395;4
260;LIMONAL;400;4
1855;JUAN BAUTISTA AGUIRRE;400;4
2105;LAS LOJAS;400;4
4500;EL LAUREL;400;4
5275;DAULE;400;4
6850;LA AURORA;400;4
7425;MAGRO;400;4
9062;C. E. EN CARACAS;401;0
115;ANCONCITO;405;0
1850;JOSE LUIS TAMAYO / MUEY;405;0
5920;SALINAS;405;0
6270;GRAL. A. E. GALLO;405;0
6275;VICENTE ROCAFUERTE;405;0
6280;CARLOS ESPINOZA LARREA;405;0
6925;SANTA ROSA;405;0
205;ATAHUALPA;410;0
605;COLONCHE;410;0
820;CHANDUY;410;0
1300;SAN JOSE DE ANCON;410;0
2355;MANGLARALTO;410;0
3915;SIMON BOLIVAR;410;0
5130;BALLENITA;410;0
6040;SANTA ELENA;410;0
9063;C. E. EN YAKARTA;411;0
5100;BALZAR;415;4
920;CHOBO;420;4
2390;MARISCAL SUCRE/HUAQUES;420;4
3235;ROBERTO ASTUDILLO;420;4
5660;MILAGRO;420;4
3975;TARIFA;425;3
5925;SAMBORONDON;425;3
7445;LA PUNTILLA(SATELITE);425;3
1350;GRAL. VERNAZA;430;4
1595;JUNQUILLAL;430;4
4220;VICTORIA;430;4
5120;BOCANA;430;4
5155;CANDILEJOS;430;4
5200;SALITRE;430;4
5765;PARAISO;430;4
5990;SAN MATEO;430;4
1830;JESUS MARIA;435;4
3370;SAN CARLOS;435;4
3740;SANTA ROSA DE FLANDES;435;4
3990;TAURA;435;4
5675;NARANJAL;435;4
10;ABDON CALDERON;440;2
50;ALHAJUELA /BAJO GRANDE;440;2
770;CRUCITA;440;2
1925;CHIRIJOS;440;2
2970;PUEBLO NUEVO;440;2
3185;RIO CHICO;440;2
3625;SAN PLACIDO;440;2
5030;ANDRES DE VERA;440;2
5265;COLON;440;2
5280;12 DE MARZO;440;2
5795;PORTOVIEJO;440;2
5845;PICOAZA;440;2
6585;SAN PABLO;440;2
6770;18 DE OCTUBRE;440;2
6775;FRANCISCO PACHECO;440;2
6910;SIMON BOLIVAR;440;2
9077;C. E. EN PRETORIA;441;0
1545;LA PILA;445;2
5665;MONTECRISTI;445;2
7460;ANIBAL SAN ANDRES;445;2
7490;COLORADO;445;2
7495;LEONIDAS PROA헲;445;2
7500;GENERAL ELOY ALFARO DELGA;445;2
6755;JARAMIJO;446;2
1800;SANTA MARIANITA;450;2
3550;SAN LORENZO;450;2
5570;LOS ESTEROS;450;2
5635;MANTA;450;2
6135;SAN MATEO;450;2
6155;TARQUI;450;2
6745;ELOY ALFARO;450;2
9078;C. E. EN ANKARA;451;0
105;AMERICA /LA CERA;455;2
560;LA UNION;455;2
1115;EL ANEGADO;455;2
1880;JULCUY;455;2
2810;PEDRO PABLO GOMEZ;455;2
2990;PUERTO CAYO;455;2
4490;MEMBRILLAL;455;2
5485;JIPIJAPA;455;2
7465;DR. MIGUEL MORAN LUCIO;455;2
7470;MANUEL INOCENCIO PARRALES;455;2
7475;SAN LORENZO DE JIPIJAPA;455;2
330;BELLAVISTA;460;2
1570;ARQ.SIXTO DURAN BALLEN;460;2
2555;NOBOA;460;2
6105;SUCRE;460;2
5885;ROCAFUERTE;465;1
220;AYACUCHO;470;2
1105;SAN PABLO;470;2
1610;HONORATO VASQUEZ;470;2
2135;LA UNION;470;2
6030;SANTA ANA;470;2
6725;LODANA;470;2
840;CHARAPOTO;475;1
3445;SAN ISIDRO;475;1
5095;BAHIA DE CARAQUEZ;475;1
5580;LEONIDAS PLAZA G.;475;1
6750;JAMA;476;1
470;CANOA;477;1
6785;SAN VICENTE;477;1
380;BOYACA;480;1
405;CHIBUNGA;480;1
495;CANUTO;480;1
640;CONVENTO;480;1
1160;ELOY ALFARO;480;1
3170;RICAURTE;480;1
3350;SAN ANTONIO / DEL PELUDO;480;1
5250;CHONE;480;1
6055;SANTA RITA;480;1
240;MEMBRILLO;485;1
3110;QUIROGA;485;1
5150;CALCETA;485;1
5505;JUNIN;490;1
460;CAMPOZANO;495;2
540;CASCOL;495;2
1395;GUALE/STO.DOMINGO;495;2
2090;LASCANO;495;2
5755;PAJAN;495;2
1070;WILFRIDO LOOR MOREIRA;500;1
1980;SAN PEDRO DE SUMA;500;1
3632;SANTA MARIA;500;1
3635;EL PARAISO / LA 14;500;1
5300;EL CARMEN;500;1
6195;4 DE DICIEMBRE;500;1
5345;EL TRIUNFO;505;4
5705;NARANJITO;510;4
520;CARACOL;515;0
1265;FEBRES CORDERO;515;0
1525;LA UNION;515;0
2875;PIMOCHA;515;0
5215;CLEMENTE BAQUERIZO;515;0
5285;DR. CAMILO PONCE E.;515;0
6830;BARREIRO /SANTA RITA;515;0
6835;EL SALTO;515;0
6685;VALENCIA;516;0
1460;GUARE;520;0
1740;ISLA DE BEJUCAL;520;0
5085;BABA;520;0
140;ANTONIO SOTOMAYOR;525;0
6245;VINCES;525;0
3015;PUERTO PECHICHE;530;0
3510;SAN JUAN;530;0
5800;PUEBLO VIEJO;530;0
3175;RICAURTE;535;0
5185;CATARAMA;535;0
4420;LA ESPERANZA;540;0
4425;SAN CARLOS;540;0
5855;QUEVEDO;540;0
6115;SAN CAMILO;540;0
6635;SAN CRISTOBAL;540;0
6640;VENUS DEL RIO QUEVEDO;540;0
6645;NICOLAS INFANTE DIAZ;540;0
6650;GUAYACAN;540;0
6655;SIETE DE OCTUBRE;540;0
6660;VIVA ALFARO;540;0
6690;24 DE MAYO;540;0
4330;ZAPOTAL;545;0
4585;LOS ANGELES;545;0
4590;CHACARITA;545;0
6235;VENTANAS;545;0
7480;10-nov;545;0
6915;QUINSALOMA;546;0
265;BACHILLERO;550;1
2030;ANGEL PEDRO GILER;550;1
6170;TOSAGUA;550;1
1690;SAN RAFAEL DE SHARUG;555;0
5690;PUCARA;555;0
1130;EL CARMEN DE PIJILI;556;0
6875;CAMILO PONCE ENRIQUEZ;556;0
450;CAMARONES;560;0
655;CRNL.CARLOS CONCHA TORRES;560;0
895;CHINCA;560;0
2320;MAJUA;560;0
3570;SAN MATEO;560;0
3930;TABIAZO;560;0
3940;TACHINA;560;0
4240;VUELTA LARGA;560;0
5205;BARTOLOME RUIZ;560;0
5210;5 DE AGOSTO;560;0
5335;ESMERALDAS;560;0
5600;LUIS TELLO / LAS PALMAS /;560;0
6905;SIMON PLATA TORRES;560;0
930;CHONTADURO;561;0
965;CHUMUNDE;561;0
2035;LAGARTO;561;0
2445;MONTALVO / HORQUETA;561;0
3215;ROCAFUERTE;561;0
6720;RIO VERDE;561;0
120;ANCHAYACU;565;0
200;ATAHUALPA/CAMARONES;565;0
370;BORBON;565;0
1505;SAN JOSE DE CAYAPAS;565;0
1510;COLON ELOY DE MARIA;565;0
1515;TIMBIRE;565;0
2125;LA TOLA;565;0
2225;LUIS VARGAS TORRES;565;0
2335;MALDONADO;565;0
2670;PAMPANAL DE BOLIVAR;565;0
3405;SAN FRANCISCO DE ONZOLE;565;0
3805;SELVA ALEGRE;565;0
4170;TELEMBI;565;0
4465;SANTO DOMINGO DE ONZOLE;565;0
4595;SANTA LUCIA DE LAS PE헤S;565;0
6205;VALDEZ/LIMONES/;565;0
355;BOLIVAR;570;0
1010;DAULE;570;0
1305;GALERA;570;0
3125;QUINGUE;570;0
3280;SALIMA;570;0
3390;SAN FRANCISCO;570;0
3430;SAN GREGORIO;570;0
3470;SAN JOSE DE CHAMANGA;570;0
5670;MUISNE;570;0
700;CUBE / CHANCAMA;575;0
980;CHURA;575;0
1530;LA UNION;575;0
2345;MALIMPIA / GUAYLLABAMBA;575;0
4230;VICHE;575;0
5895;ROSA ZARATE;575;0
70;ALTO TAMBO/GUADAL;580;0
110;ANCON/PALMA REAL;580;0
435;CALDERON;580;0
535;CARONDELET;580;0
570;5 DE JUNIO/HUIMBI;580;0
620;CONCEPCION;580;0
2395;MATAJE;580;0
3455;SAN JAVIER DE CACHABI;580;0
3725;SANTA RITA;580;0
3955;TAMBILLO;580;0
4075;TULULBI /RICAURTE;580;0
4125;URBINA;580;0
6130;SAN LORENZO;580;0
5715;CHILLA;585;0
65;ALSHI /9 DE OCTUBRE;590;0
1250;CUCHAENTZA;590;0
1345;GRAL. PROA헲;590;0
1730;RIO BLANCO;590;0
3440;SAN ISIDRO;590;0
3830;SEVILLA DON BOSCO;590;0
4360;ZUNAC;590;0
4485;SINAI;590;0
5615;MACAS;590;0
90;AMAZONAS;595;0
340;BERMEJOS;595;0
350;BOMBOIZA;595;0
880;CHIGUINDA;595;0
1910;EL IDEAL;595;0
2565;NUEVA TARQUI;595;0
3225;ROSARIO;595;0
3580;SAN MIGUEL DE CUYES;595;0
5425;GUALAQUIZA;595;0
5655;MERCEDES MOLINA;595;0
1720;INDANZA;600;0
3250;SAN MIGUEL DE CONCHAY;600;0
3320;SAN ANTONIO;600;0
3760;SANTA SUSANA DE CHIVIAZA;600;0
4305;YUNGANZA /EL ROSARIO;600;0
5390;GRAL. LEONIDAS PLAZA;600;0
645;COPAL;605;0
970;CHUPIANZA;605;0
1365;SAN FCO. DE CHINIMBIMI;605;0
2795;PATUCA;605;0
3565;SAN LUIS DEL ACHO;605;0
4115;TAYUZA;605;0
5645;MENDEZ;605;0
180;ASUNCION;610;0
1140;SANTA MARIANITA DE JESUS;610;0
1635;HUAMBI;610;0
6110;SUCUA;610;0
525;SHIMPIS;611;0
4300;YAUPI;611;0
6735;LOGRO헲;611;0
155;ARAPICOS;615;0
715;CUMANDA;615;0
1685;16 DE AGOSTO;615;0
3420;SANGAY;615;0
5760;PALORA;615;0
25;AHUANO;620;0
940;CHONTAPUNTA;620;0
1930;TALAG;620;0
2755;PANO;620;0
3000;PUERTO MISAHUALLI;620;0
3050;PUERTO NAPO;620;0
4580;SAN JUAN DE MUYUNA;620;0
6160;TENA;620;0
6760;CARLOS J. AROSEMENA TOLA;621;0
1045;DURENO;625;0
1285;EL ENO;625;0
1290;PACAYACU;625;0
1330;GENERAL FARFAN;625;0
1790;SANTA CECILIA;625;0
1795;JAMBELI;625;0
4625;10 DE AGOSTO;625;0
5710;NUEVA LOJA;625;0
760;CUYABENO;626;0
1555;AGUAS NEGRAS;626;0
6765;TARAPOA;626;0
510;CAP. AUGUSTO RIVADENEIRA;630;0
630;CONONACO;630;0
3720;STA. MARIA DE HUIRIRIMA;630;0
4295;YASUNI;630;0
5700;NUEVO ROCAFUERTE;630;0
7485;TIPUTINI;630;0
670;COSANGA;635;0
765;CUYUJA;635;0
2770;PAPALLACTA;635;0
3395;SAN FRANCISCO DE BORJA;635;0
3890;SUMACO;635;0
5090;BAEZA;635;0
1170;EL PLAYON DE SN. FRANCISCO;640;0
2095;LA SOFIA;640;0
3220;ROSA FLORIDA;640;0
3690;SANTA BARBARA;640;0
5525;LA BONITA;640;0
1235;DAYUMA;645;0
1245;TARACOA;645;0
1560;EL DORADO;645;0
1565;INES ARANGO;645;0
1590;EL EDEN;645;0
1810;GARCIA MORENO;645;0
1820;LA BELLEZA;645;0
1935;SAN LUIS DE ARMENIA;645;0
1940;NUEVO PARAISO;645;0
1945;SAN JOSE DE GUAYUSA;645;0
1995;ALEJANDRO LABAKA;645;0
5815;EL COCA;645;0
2720;PALMA ROJA;650;0
3005;PUERTO BOLIVAR;650;0
3020;PUERTO RODRIGUEZ;650;0
3705;SANTA ELENA;650;0
4745;SANSAHUARI;650;0
6500;EL CARMEN DE PUTUMAYO;650;0
720;CUMBARATZA;655;0
1390;GUADALUPE;655;0
1770;SAN CARLOS DE LAS MINAS;655;0
2155;LA VICTORIA DE IMBANA;655;0
3260;SABANILLA;655;0
4010;TIMBARA;655;0
6305;ZAMORA;655;0
6840;EL LIMON;655;0
915;CHITO;660;0
1145;EL CHORRO;660;0
2015;LA CHONTA;660;0
2110;SAN ANDRES;660;0
2955;PUCAPAMBA;660;0
6315;ZUMBA;660;0
1240;EL PORVENIR DEL CARMEN;661;0
2170;LA CANELA;661;0
4195;VALLADOLID;661;0
4505;SAN FRANCISCO DEL VERGEL;661;0
6740;PALANDA;661;0
2070;LA PAZ;665;0
4105;TUTUPALI;665;0
6215;28 DE MAYO;665;0
985;CHICANA;670;0
2240;LOS ENCUENTROS;670;0
6295;YANZATZA;670;0
5725;PALESTINA;675;4
475;CANELOS;680;0
1025;10 DE AGOSTO;680;0
1260;FATIMA;680;0
1275;EL TRIUNFO;680;0
2450;MONTALVO/ANDOAS;680;0
3055;POMONA;680;0
3180;RIO CORRIENTES;680;0
3195;RIO TIGRE;680;0
3785;ZARAYACU;680;0
3985;TARQUI;680;0
4005;TNTE. HUGO ORTIZ;680;0
4205;VERACRUZ;680;0
4510;SIMON BOLIVAR;680;0
5825;PUYO;680;0
2310;MADRE TIERRA;685;0
3840;SHELL;685;0
5650;MERA;685;0
740;CURTINCAPAC;690;0
3275;SALATI;690;0
4520;MORALES;690;0
5850;PORTOVELO;690;0
6800;HUALTACO;695;0
6805;MILTON REYES;695;0
6810;EL PARAISO;695;0
6815;ECUADOR;695;0
6820;UNION LOJANA;695;0
685;COTUNDO;700;0
3605;SAN PABLO DE USHPAYACU;700;0
4630;HATUN SUMAKU;700;0
5070;ARCHIDONA;700;0
225;AYAPAMBA;705;0
375;SAN JUAN DE CERRO AZUL;705;0
4480;CORDONCILLO;705;0
4530;SAN JOSE;705;0
4535;MILAGRO;705;0
5745;PACCHA;705;0
4615;LA ESMERALDA;710;0
5640;MONTALVO /SABANETA;710;0
185;VALLE DE LA VIRGEN;715;4
1670;SABANILLA;715;4
5735;PEDRO CARBO;715;4
600;SAN PEDRO DE LOS COFANES;720;0
780;SIETE DE JULIO;720;0
2175;LIMONCOCHA;720;0
2765;PANACOCHA;720;0
3645;SAN ROQUE;720;0
6140;SHUSHUFINDI CENTRAL;720;0
415;SAN CARLOS;725;0
490;ENOKANQUI;725;0
1950;RUMIPAMBA;725;0
1955;TRES DE NOVIEMBRE;725;0
1960;LAGO SAN PEDRO;725;0
1965;UNION MILAGRE헤;725;0
2930;POMPEYA;725;0
3660;SAN SEBASTIAN DE COCA;725;0
6200;LA JOYA DE LOS SACHAS;725;0
835;CHAQUINAL;730;0
1035;12 DE DICIEMBRE;730;0
4545;MILAGROS;730;0
5810;PINDAL /FEDERICO PAEZ;730;0
6255;GRAL.VILLAMIL / PLAYAS;735;3
360;FUNDOCHAMBA;740;0
3345;SAN ANTONIO DE LAS ARADAS;740;0
6260;QUILANGA /LA PAZ;740;0
1095;SEVILLA;745;0
3750;SANTA ROSA DE SUCUMBIOS;745;0
4740;NUEVA TRONCAL;745;0
6325;EL DORADO DE CASCALES;745;0
6330;PALENQUE;750;0
1075;SAN ISIDRO;755;0
1080;EL PARAISO;755;0
1100;LA LIBERTAD;755;0
6335;LA VICTORIA/LAS LAJAS;755;0
6950;PLATANILLOS;755;0
6340;CALUMA / SAN ANTONIO/;760;0
6345;EL TAMBO;765;0
2410;MINDO;770;4
6350;S. MIGUEL DE LOS BANCOS;770;4
665;EL GUISMI;775;0
945;TUNDAYME;775;0
1015;PACHICUTZA;775;0
6355;EL PANGUI;775;0
1540;SUSUDEL;780;0
6360;O헤;780;0
1615;TONSUPA;785;0
2130;LA UNION;785;0
3880;SUA/BOCANA;785;0
4055;TONCHIGUE;785;0
6380;ATACAMES;785;0
660;CRNEL. LORENZO GARAICOA;790;4
6385;SIMON BOLIVAR;790;4
875;CHIGUAZA;795;0
6390;HUAMBOYA;795;0
6870;PABLO SEXTO;796;0
1295;SAN JOSE DE MORONA;797;0
6890;SANTIAGO;797;0
1220;EL PROGRESO;800;0
4415;ISLA SANTA MARIA;800;0
6510;PTO. BAQUERIZO MORENO;800;0
235;BELLA VISTA;805;0
1985;SANTA ROSA;805;0
6505;PUERTO AYORA;805;0
4165;TOMAS DE BERLANGA;810;0
6515;PUERTO VILLAMIL;810;0
385;BUENAVISTA;815;0
1180;EL ROSARIO;815;0
1450;AMARILLOS;815;0
3755;SANTA RUFINA;815;0
6530;CHAGUARPAMBA;815;0
6525;ELOY ALFARO /DURAN;820;3
7455;EL RECREO;820;3
7515;DIVINO NI헲;820;3
1500;GUASAGANDA;825;0
2965;PUCAYACO;825;0
6535;LA MANA;825;0
6880;EL CARMEN;825;0
6895;EL TRIUNFO;825;0
6540;PALLATANGA;830;0
6545;A.BAQUERIZO M /JUJAN;835;4
1060;SAN SEBASTIAN;840;1
1065;BARRAGANETE;840;1
6550;PICHINCHA /GERMUD;840;1
6555;CEVALLOS;845;0
4555;PINGUILI;850;0
6560;MOCHA;850;0
4560;CHUMBLIN;855;0
6565;SAN FERNANDO;855;0
160;EL INGENIO;860;0
6570;MARCABELI;860;0
230;EL REVENTADOR;865;0
1090;GONZALO PIZARRO;865;0
3615;PUERTO LIBRE;865;0
6300;LUMBAQUI;865;0
6580;SANTA LUCIA;870;4
1975;BELLAMARIA;875;0
6590;BALSAS;875;0
2100;SAN JOSE;880;0
6395;SANTA CLARA;880;0
735;CURARAY;881;0
6705;ARAJUNO;881;0
575;COCHAPATA;885;0
1175;EL PROGRESO;885;0
2550;NIEVES;885;0
6595;NABON;885;0
6410;CRNL MARCELINO MARIDUENAS;890;4
6415;PEDRO VICENTE MALDONADO;895;4
6125;PUERTO QUITO;896;4
6420;CUMANDA;900;0
3875;SOLANO;905;0
6425;DELEG;905;0
580;COJIMIES;910;1
785;ATAHUALPA;910;1
1030;10 DE AGOSTO;910;1
6430;PEDERNALES;910;1
1535;LA UNION;915;0
1575;SAN MARTIN DE PUZHIO;915;0
1585;LUIS GALARZA O. (DELEGSOL);915;0
2950;PRINCIPAL;915;0
6435;CHORDELEG;915;0
6440;LOMAS DE SARGENTILLO;920;4
710;SAN JACINTO DE WAKAMBEIS;925;0
1785;SANTIAGO DE PANANZA;925;0
2750;PAN DE AZUCAR;925;0
3920;SAN CARLOS DE LIMON;925;0
6445;SAN JUAN BOSCO;925;0
595;HUASAGA /WAMPUIK;926;0
1205;TUTINENTZA;926;0
2285;MACUMA;926;0
4575;PUMPUENTSA;926;0
6700;TAISHA;926;0
815;PALO QUEMADO;930;0
960;CHUGCHILAN;930;0
1735;ISINLIVI;930;0
2115;LAS PAMPAS;930;0
6450;SIGCHOS;930;0
215;AVILA;935;0
400;SAN VICENTE DE HUATICOCHA;935;0
1050;PUERTO MURIALDO;935;0
1680;SAN JOSE DE DAHUANO;935;0
3480;SAN JOSE DE PAYAMINO;935;0
6455;LORETO;935;0
6460;NARCISA DE JESUS;940;4
150;PATRICIA PILAR;945;0
6465;SN JACINTO DE BUENA FE;945;0
6695;MOCACHE;946;0
6470;LAS NAVES;950;0
6475;LAS MERCEDES;950;0
85;AMALUZA;955;0
2725;PALMAS;955;0
6480;SEVILLA DE ORO;955;0
1650;SAN VICENTE;960;0
6485;EL PAN;960;0
6610;LA LIBERTAD;965;0
6495;OLMEDO /PUCA;970;2
1920;SALANGO;975;2
2305;MACHALILLA;975;2
6575;PUERTO LOPEZ;975;2
4385;TRIUNFO DORADO;980;0
4600;PANGUINTZA;980;0
6625;ZUMBI;980;0
455;BELLAVISTA;981;0
1120;NUEVO QUITO;981;0
6885;PAQUISHA;981;0
4635;MONTERREY;982;0
4640;LA VILLEGAS;982;0
4645;PLAN PILOTO;982;0
7520;LA CONCORDIA;982;0
6620;GRAL.ELIZALDE /BUCAY;985;4
6710;ISIDRO AYORA;986;4
6615;GUACHAPALA;990;0
1520;MARISCAL SUCRE;995;0
6665;HUACA;995;0
