COD_ZONA;NOM_ZONA;COD_PARROQUIA;COD_CIRCUNSCRIPCION
1;ABANIN;5;0
2;DALIGSHI;5;0
3;TUNUYUNGA;5;0
1;ACHUPALLAS;20;0
2;TOTORAS;20;0
3;JUVAL;20;0
1;AHUANO;25;0
2;CAMPANA COCHA;25;0
3;CAMPO COCHA;25;0
4;NUEVO PARAISO;25;0
5;ZANCUDO;25;0
6;RIO BLANCO;25;0
7;TAMIA URCO;25;0
8;SANTA BARBARA;25;0
9;SANTA ROSA;25;0
1;ALANGASI;30;3
2;EL TINGO;30;3
1;ALTO TAMBO /GUADAL;70;0
2;CRISTAL ALTO;70;0
1;ALLURIQUIN;75;0
2;LA FLORIDA;75;0
3;MAR DE LA TRANQUILIDAD;75;0
1;AMAGUAÑA;80;3
2;CHAUPITENA;80;3
1;AMALUZA;85;0
2;SANTA RITA;85;0
1;AMBATILLO;95;0
2;AMBATILLO ALTO;95;0
1;AMBUQUI / CHOTA;100;0
2;JUNCAL;100;0
3;CHOTA;100;0
4;CARPUELA;100;0
5;CHAUPI GUARANGUI;100;0
6;SAN CLEMENTE;100;0
1;ANCON/PALMA REAL;110;0
2;CAUCHAL;110;0
1;ANGAMARCA;125;0
2;CHINE ALTO;125;0
3;MOCATA;125;0
4;PIGUA-QUINDIGUA;125;0
1;ANGOCHAGUA;130;0
2;ZULETA;130;0
3;LA MERCED;130;0
1;ANTONIO SOTOMAYOR;140;0
2;BAGATELA;140;0
5;CLARIZA;140;0
1;PATRICIA PILAR;150;0
2;LOS ANGELES;150;0
1;LA ASUNCION;175;0
2;LENTAG;175;0
1;ASUNCION;180;0
2;SAN JOSE SUR;180;0
3;SUNKANTS;180;0
1;ATAHUALPA/CAMARONES;200;0
2;JUAN MONTALVO;200;0
1;AUGUSTO N. MARTINEZ;210;0
2;LLATANTOMA;210;0
3;SAMANGA;210;0
4;LAQUIGO;210;0
1;AVILA;215;0
2;AVILA VIEJO;215;0
3;PUSCO COCHA;215;0
4;SAN BARTOLO;215;0
1;BELLA VISTA;235;0
2;EL CASCAJO EL CAMOTE;235;0
1;EL RETIRO;255;0
2;NUEVA ESPERANZA;255;0
3;GUARUMAL 2;255;0
1;LIMONES;280;0
2;TRONCO QUEMADO;280;0
1;BAÑOS;285;0
2;COCHAPAMBA;285;0
1;VALLE HERMOSO;305;0
2;CRISTOBAL COLON;305;0
3;LA MARIANITA;305;0
4;CHIGUILPE;305;0
5;EL RECREO;305;0
6;LA ASUNCION;305;0
7;AUTENTICOS CAMPESINOS;305;0
8;UNION GANADERA;305;0
1;SUMAYPAMBA;310;0
2;MOSTAZAPAMBA;310;0
1;BELLAVISTA;320;0
2;JIBIRUCHE;320;0
1;BELLAVISTA;325;0
2;SAN AGUSTIN;325;0
3;SAN JOSÉ;325;0
1;BELLAVISTA;330;2
2;EL ESFUERZO;330;2
1;BILOVAN;345;0
2;LAS GUARDIAS;345;0
3;MATAPALO;345;0
1;BOMBOIZA;350;0
2;TINK;350;0
3;AYANTAS;350;0
4;CHUMPIAS;350;0
5;MONTERREY;350;0
6;SHUAR SAKANAS;350;0
7;SHAIME;350;0
8;KAYAMAS;350;0
1;BOLIVAR;355;0
2;MOMPICHE;355;0
1;CHIBUNGA;405;1
2;SAN JUAN DE BUA;405;1
3;SAN FRANCISCO DE YAHUILA;405;1
4;BOCA DE BARBUDAL;405;1
5;SANTA ROSA DE CUCHARA;405;1
1;CALDERON;440;3
2;CARAPUNGO;440;3
3;SAN MIGUEL DEL COMÚN;440;3
4;MARIANITAS;440;3
5;SAN JUAN DE CALDERON;440;3
6;SAN JOSE DE MORAN;440;3
7;LLANO GRANDE;440;3
1;CALPI;445;0
2;NITILUISA;445;0
1;CAMPOZANO;460;2
2;SANTA BÁRBARA;460;2
1;CANELOS;475;0
2;CHONTOA;475;0
3;EL NARANJAL;475;0
1;CANGAHUA;480;4
2;CHUMILLOS;480;4
3;SAN ANTONIO;480;4
4;PISAMBILLA;480;4
5;SANTA ROSA DE PACCHA;480;4
6;SAN LUIS DE GUACHALÁ;480;4
1;CANUTO;495;1
2;SAN PABLO DE TARUGO;495;1
1;CAPIRO;505;0
2;GUERRAS;505;0
3;TINAJAS;505;0
4;LOS AMARILLOS;505;0
5;CONCHICOLA;505;0
1;SHIMPIS;525;0
2;COMUNA GRANDE;525;0
1;CAROLINA /GUALLUPI;530;0
2;CUAJARA;530;0
1;CARONDELET;535;0
2;LA BOCA;535;0
1;MANGAHURCO;550;0
4;LA LEONERA;550;0
1;CEBADAS;555;0
2;TRANCA SAN LUIS;555;0
1;CIANO;565;0
2;LAS COCHAS;565;0
1;COCHAPATA;575;0
2;ÑAMARIN;575;0
1;COJIMIES;580;1
2;BECHE;580;1
3;ELOY ALFARO;580;1
4;CHEVE ARRIBA;580;1
5;LOS ZENGUES;580;1
6;CORAZÓN DE BORDONES;580;1
7;PAVÓN;580;1
1;COLAIZACA;590;0
2;CHINCHANGA CENTRO;590;0
1;HUASAGA /WAMPUIK;595;0
2;KAIPTASH;595;0
3;ACHUAR WACHIRPAS;595;0
4;IPIAK;595;0
5;PAKINTS;595;0
6;COMUNIDAD ACHUAR SHUIN MAMUS;595;0
1;SAN PEDRO DE LOS COFANES;600;0
2;JIVINO VERDE;600;0
1;COLONCHE;605;0
2;PALMAR;605;0
3;MANANTIAL DE GUANGALA;605;0
4;MONTEVERDE;605;0
5;BAMBIL DESECHO;605;0
6;LOMA ALTA;605;0
7;LAS BALSAS;605;0
8;SALANGUILLO;605;0
9;AYANGUE;605;0
10;AGUADITA;605;0
11;MANANTIAL DE COLONCHE;605;0
1;COLUMBE;610;0
2;PULUCATES;610;0
3;LLINLLIN;610;0
4;SAN GUISEL ALTO;610;0
1;CONCEPCION;620;0
2;GUAYABAL;620;0
3;19 DE MARZO;620;0
4;YALARE;620;0
1;CONOCOTO;625;3
2;LA ARMENIA;625;3
3;HOSPITALARIA;625;3
4;SANTA MONICA;625;3
5;ONTANEDA LA SALLE;625;3
1;CONONACO - KAWIMENO;630;0
2;DIKARO;630;0
3;BAMENO;630;0
1;CRNEL. LORENZO GARAICOA;660;4
2;INÉS MARIA;660;4
1;EL GUISMI;665;0
2;LA ARGELIA;665;0
3;MIASI;665;0
4;CHUCHUMBLETZA;665;0
1;COTUNDO;685;0
2;KM 18;685;0
3;PAPANKU;685;0
1;CUBE / CHANCAMA;700;0
2;CHUCAPLE;700;0
1;CUMANDA;715;0
2;OTO AROSEMENA 1;715;0
1;CUMBARATZA;720;0
2;NAMBIJA BAJO;720;0
3;LA QUEBRADA DE CUMBARATZA;720;0
1;CUMBAYA;725;3
2;COLEGIO MENOR;725;3
3;LUMBISÍ;725;3
1;CURARAY;735;0
2;VILLANO;735;0
3;TOÑAMPARI;735;0
5;TIWINO;735;0
6;CHUYAYACU;735;0
7;JAIME ROLDOS;735;0
8;MEÑEMPARE;735;0
9;LIKINO;735;0
1;CUTUGLAGUA;755;4
2;SANTA ROSA;755;4
1;CUYABENO;760;0
2;ZABALO;760;0
1;CRUCITA;770;2
2;LOS RANCHOS - ARENALES;770;2
3;SAN SILVESTRE;770;2
1;SIETE DE JULIO;780;0
2;LUZ DE AMERICA;780;0
1;EL INGENIO;790;0
2;GRANADILLO;790;0
3;CONSAGUANA;790;0
1;SAN LUIS DE PAMBIL;795;0
2;SAN FERNANDO;795;0
3;JILIMBÍ;795;0
1;UNAMUNCHO;810;0
2;LA PRIMAVERA;810;0
1;CHANDUY;820;0
3;ZAPOTAL;820;0
4;TUGADUAJA / ENGUNGA;820;0
5;PECHICHE / EL REAL;820;0
6;SAN GERONIMO;820;0
1;CHAQUINAL;835;0
2;EL PAPAYO;835;0
1;CHARAPOTO;840;1
2;SAN ALEJO;840;1
3;SAN CLEMENTE;840;1
4;SAN JACINTO;840;1
1;CHAUCHA /ANGAS;845;0
2;SAN ANTONIO;845;0
3;CEDRO;845;0
4;CASCAJO;845;0
1;CHICAN /G. ORTEGA;870;0
2;UZHUPUD;870;0
1;CHIGUAZA;875;0
2;SAN PABLO;875;0
3;SAN JUAN;875;0
4;SAN JUAN BOSCO;875;0
5;SHUAR TUNA CHIWIAS-MARIA AUXILIADORA;875;0
6;COOP. 5 DE NOVIEMBRE;875;0
7;TSEMANTSMAN SAN JOSÉ;875;0
8;CENTRO SHUAR KAYAMENTSA;875;0
1;DUG - DUG;890;0
2;LAZUL;890;0
1;CHITO;915;0
2;NUEVOS HORIZONTES;915;0
3;SALTO DEL INCA;915;0
1;CHONTADURO;930;0
2;PARTIDERO;930;0
1;CHONTAMARCA;935;0
2;CIMIENTOS;935;0
1;CHONTAPUNTA;940;0
2;MONDAÑA;940;0
3;ÑUCANCHI LLAKTA KM 28;940;0
4;ÑUCANCHI ALPA;940;0
5;CRUZCHICTA;940;0
6;GARENO;940;0
7;COLONIA LOS RIOS;940;0
8;CAMPO ALEGRE;940;0
9;SHIRIPUNO 2;940;0
10;MANGO PLAYA;940;0
11;FUERZAS UNIDAS;940;0
12;SAN ALBERTO DE BELLAVISTA BAJA;940;0
13;LAS CANELAS;940;0
1;CHUGA;955;0
2;SAN FRANCISCO DE LOS PALMARES;955;0
1;CHUGCHILAN;960;0
4;GUAYAMA SAN PEDRO QUILOTOA;960;0
5;SARAWASI;960;0
6;SAN MIGUEL DE PILAPUCHIN;960;0
7;SAN MIGUEL DE GUARUMAL;960;0
1;CHUMUNDE;965;0
2;CAPULÍ;965;0
3;MARIBÉ;965;0
4;RASCADERA;965;0
5;PERLA ESMERALDEÑA/SAN RUFINO;965;0
1;CHICANA;985;0
2;SAN VICENTE DE CANEY;985;0
1;COCHAPAMBA;990;0
2;YANAHURCO GRANDE;990;0
1;DAULE;1010;0
2;PEDRO CARBO;1010;0
1;PACHICUTZA;1015;0
2;SAN ROQUE;1015;0
3;SHACAY;1015;0
1;G. DIAZ DE PINEDA;1020;0
2;SAN LUIS;1020;0
1;10 DE AGOSTO;1025;0
2;SAN RAMON;1025;0
1;10 DE AGOSTO;1030;1
2;SANTA TERESA;1030;1
1;12 DE DICIEMBRE;1035;0
2;CURIACHI;1035;0
1;PUERTO MURIALDO;1050;0
2;BAJO HUINO;1050;0
3;JANDIA YACU;1050;0
1;SAN RAFAEL;1055;0
2;CALDERA;1055;0
1;SAN SEBASTIAN;1060;1
2;LA AZUCENA;1060;1
3;BOCA DE CAÑA;1060;1
1;BARRAGANETE;1065;1
2;RIO VENDIDO;1065;1
3;EL DIQUE;1065;1
4;CABECERA DE RIO SALAZAR;1065;1
5;EL MORAL-TRES PUNTAS;1065;1
1;WILFRIDO LOOR M.;1070;1
2;TEODOMIRO;1070;1
1;EL PARAISO;1080;0
2;EL TIGRE 1;1080;0
1;GONZALO PIZARRO;1090;0
2;DASHINO;1090;0
3;PANDAYACU;1090;0
4;AMAZONAS;1090;0
1;LA LIBERTAD;1100;0
2;PUYANGO DE LA LIBERTAD;1100;0
1;EL ALTAR;1110;0
2;UTUÑAG;1110;0
1;NUEVO QUITO;1120;0
2;PTO. MINERO LA PUNTA;1120;0
1;EL GOALTAL / LAS JUNTAS;1150;0
2;CORAZON DE MUNDO NUEVO;1150;0
1;EL LIMO /MARIANA DE JESUS;1155;0
2;MANGURQUILLO;1155;0
1;ELOY ALFARO;1160;1
2;CUCUY;1160;1
3;LAS PIEDRAS;1160;1
1;EL CHICAL;1195;0
2;SAN MARCOS;1195;0
1;EL TAMBO;1200;0
2;LA MERCED;1200;0
1;TUTINENTZA;1205;0
2;TUKUP;1205;0
3;YAMANUNKA;1205;0
4;KAPANTINENTSA;1205;0
5;KUSUIMI;1205;0
6;SHUAR KASHAI;1205;0
7;SHIRAMENTSA;1205;0
8;SHUAR ETSA;1205;0
9;PUTUNTS;1205;0
10;JEMPENTS;1205;0
11;PUKAR;1205;0
12;PUTUIM;1205;0
13;SHUAR CHIWIAS;1205;0
14;SHUAR KAPITIAN;1205;0
15;LIBERTAD SUR;1205;0
16;NAYANTS;1205;0
1;PROGRESO;1225;0
2;GALAYACU;1225;0
3;LA CADENA;1225;0
4;ROSA DE ORO;1225;0
5;MUYUYACU;1225;0
6;LA PLAYA;1225;0
7;RÁJARO;1225;0
8;DUCOS;1225;0
1;DAYUMA;1235;0
2;EL ANGEL;1235;0
3;ESFUERZO AMAZONICO;1235;0
4;PUERTO PINDO;1235;0
5;RIO TIPUTINI;1235;0
6;MIWAGUNO;1235;0
7;TIGUANO;1235;0
1;EL PORVENIR DEL CARMEN;1240;0
2;SANTA CLARA;1240;0
3;CUMANDA;1240;0
5;LOYOLA;1240;0
6;NUMBALA;1240;0
1;TARACOA;1245;0
2;SAN CARLOS;1245;0
3;SAN VICENTE;1245;0
4;PAMIWA KUCHA;1245;0
1;FACUNDO VELA;1255;0
3;EL PORVENIR;1255;0
1;FEBRES CORDERO;1265;0
2;MATILDE ESTHER;1265;0
3;PUEBLO NUEVO;1265;0
1;FERNANDEZ SALVADOR;1270;0
2;SAN FRANCISCO DE LA LINEA ROJA;1270;0
1;FLORES;1280;0
2;GUANTUL GRANDE;1280;0
3;NAUBUG;1280;0
1;EL ENO;1285;0
2;ATARY;1285;0
3;EL TRIUNFO UNO;1285;0
1;PACAYACU;1290;0
2;CHONE UNO;1290;0
3;CHIRITZA;1290;0
4;JUAN MONTALVO;1290;0
5;PUERTO NUEVO;1290;0
1;SAN JOSE DE MORONA;1295;0
3;CENTRO CHAU;1295;0
4;PUERTO MORONA;1295;0
5;PANINTS;1295;0
6;KAANK GRANDE;1295;0
7;RIO AMAZONAS;1295;0
8;LA UNIÓN;1295;0
1;SAN JOSE DE ANCON;1300;0
2;PROSPERIDAD / EL TAMBO;1300;0
1;GALERA;1305;0
2;ESTERO DE PLATANO;1305;0
1;GARCIA MORENO /LLURIMAGUA;1310;0
2;NARANJITO;1310;0
3;LA MADGALENA BAJA;1310;0
5;EL CHONTAL;1310;0
6;CIELO VERDE;1310;0
7;LAS GOLONDRINAS;1310;0
8;LA INDEPENDIENTE;1310;0
9;RUMIÑAHUI;1310;0
1;GARCIA MORENO;1315;0
2;EL TAMBO;1315;0
1;GENERAL FARFAN;1330;0
2;TRES PALMAS;1330;0
3;PATRIA NUEVA;1330;0
4;CORAZÓN ORENSE;1330;0
1;GONZALEZ SUAREZ;1360;0
2;PIJAL ALTO;1360;0
1;SAN FCO. DE CHINIMBIMI;1365;0
2;PANIA;1365;0
3;YAKUANK;1365;0
1;GUACHANAMA;1380;0
2;BRAMADEROS;1380;0
3;EL DULCE;1380;0
4;EL LIMON;1380;0
1;SARACAY;1385;0
2;CAMARONES;1385;0
3;LAS ORQUIDEAS;1385;0
1;GUADALUPE;1390;0
2;GUAGUAYME ALTO;1390;0
3;SOAPACA;1390;0
4;PIUNTZA;1390;0
1;GUALLETURO;1410;0
2;PURUBIN;1410;0
3;GER;1410;0
4;SHUYA;1410;0
1;GUANAZAN;1420;0
2;GUARTIGURO;1420;0
1;GUANGAJE;1430;0
2;YAGUARTOA;1430;0
1;SAN JACINTO;1435;4
2;LONDON;1435;4
3;POTRERITOS;1435;4
1;GUAPAN;1445;0
2;ZHINDILIG;1445;0
3;AGUILAN;1445;0
1;GUARAINAC;1455;0
2;JUNTAS;1455;0
1;GUARE;1460;0
2;LA CARMELA;1460;0
3;EL GUAYABO;1460;0
4;CAMPO ALEGRE;1460;0
1;GUAYAS / PUERTO NUEVO;1470;4
2;DAULE - PERIPA;1470;4
1;GUASAGANDA;1500;0
2;QUINDIGUA;1500;0
3;MALQUI;1500;0
1;SAN JOSE DE CAYAPAS;1505;0
2;PICHIYACU CHACHI;1505;0
3;PLAYA GRANDE;1505;0
4;HERRADURA;1505;0
1;LA UNION;1525;0
2;EL CUATRO;1525;0
1;LA UNION;1530;0
2;LA INDEPENDENCIA;1530;0
3;LIBERTAD DE PLAYA;1530;0
4;BOCANA DEL BUA;1530;0
6;LA ESMERALDA;1530;0
7;MATAMBA;1530;0
8;EL SILENCIO;1530;0
9;NUEVO AZUAY;1530;0
10;LA VIRGENCITA;1530;0
11;EL BELEN;1530;0
12;LOS ÁNGELES;1530;0
1;AGUAS NEGRAS;1555;0
2;SAN VICTORIANO;1555;0
3;REY DE LOS ANDES;1555;0
1;INES ARANGO;1565;0
2;TIGUINO;1565;0
3;HUANCAVILCA;1565;0
1;JUNQUILLAL;1595;4
2;EL LAUREL DE SALITRE;1595;4
1;NOVILLO;1600;1
2;SAN AGUSTIN RIO DE LAS VACAS;1600;1
4;SAN ANTONIO DE TIGRE-PATA DE MULA;1600;1
5;BOCA DE TIGRE;1600;1
6;LOS VIVERES DE LA POLVOSA;1600;1
1;HONORATO VASQUEZ;1610;2
2;LA SAIBA;1610;2
3;LA CHONTILLA 1;1610;2
1;TONSUPA;1615;0
2;TASECHE;1615;0
1;HUACHI GRANDE;1625;0
2;HUACHI SAN FRANCISCO;1625;0
1;HUAMBI;1635;0
2;CUMBATZA;1635;0
1;SAN VICENTE;1650;0
2;LA MERCED;1650;0
3;SANTA TERESITA;1650;0
1;BELLAMARIA;1665;0
2;VALLE HERMOSO;1665;0
1;ZURMI;1675;0
3;SHAIMI;1675;0
1;SAN JOSE DE DAHUANO;1680;0
2;LA PAZ;1680;0
3;PALTA COCHA;1680;0
4;SAN CARLOS DE RIO BUENO;1680;0
5;MUSHUK LLAKTA;1680;0
6;ARAPINO;1680;0
1;SAN RAFAEL DE SHARUG;1690;0
2;GUARUMAL;1690;0
1;IMANTAG;1710;0
2;PIÑAN;1710;0
1;INGAPIRCA;1725;0
2;SISID;1725;0
89;VOTO EN CASA;1730;0
1;ISINLIVI;1735;0
2;GUANTOALO;1735;0
1;LUZ DE AMÉRICA;1755;0
2;EL CONGOMA;1755;0
3;SAN VICENTE DEL NILA;1755;0
1;SAN CARLOS DE LAS MINAS;1770;0
2;NAMBIJA;1770;0
1;SANTA CECILIA;1790;0
2;LUZ Y VIDA;1790;0
3;AKIWARI;1790;0
4;CUCHAPAMBA;1790;0
5;LUCHA DE LOS POBRES;1790;0
1;JAMBELI;1795;0
2;BARRANCA BERMEJA;1795;0
1;JADAN;1805;0
2;SANTA ROSA DE CHICHIN;1805;0
3;EL CARMEN;1805;0
1;GARCIA MORENO;1810;0
2;CASPISAPA;1810;0
1;JAMBELI;1815;0
2;PONGALILLO-LAS CASITAS;1815;0
3;LAS HUACAS;1815;0
1;LA BELLEZA;1820;0
2;JAGUAR DOS;1820;0
3;LAS DELICIAS;1820;0
4;CANAAN SANGAY;1820;0
5;PALMA ROJA;1820;0
6;ELOY ALFARO;1820;0
8;CACIQUE JUMANDY;1820;0
1;JAVIER LOYOLA / CHUQUIPATA;1825;0
2;AYANCAY;1825;0
1;JIJON Y CAAMAÑO;1835;0
2;RIO VERDE;1835;0
1;JIMBILLA;1840;0
2;JESÚS MARÍA BAJO;1840;0
1;JOSE LUIS TAMAYO / MUEY;1850;0
2;EL PARAISO;1850;0
1;JUAN DE VELASCO;1865;0
2;TAMBILLO BAJO;1865;0
1;JUAN GOMEZ RENDON;1870;3
2;BAJADA DE CHANDUY;1870;3
1;JUAN MONTALVO;1875;0
2;SANTIAGUILLO;1875;0
1;JULIO MORENO;1890;0
2;RODEOPAMBA;1890;0
1;DUCUR;1895;0
2;JAVIN;1895;0
3;CHIL CHIL;1895;0
1;JUNCAL;1900;0
2;CHARCAY;1900;0
1;SALANGO;1920;2
2;LAS TUNAS;1920;2
1;TALAG;1930;0
2;ILAYAKU;1930;0
3;JATUN YAKU;1930;0
1;SAN LUIS DE ARMENIA;1935;0
2;ALTO MANDURO;1935;0
1;NUEVO PARAISO;1940;0
2;SAN LORENZO DE ACORANO;1940;0
1;SAN JOSE DE GUAYUSA;1945;0
2;10 DE AGOSTO;1945;0
3;KANOA YAKU;1945;0
1;TRES DE NOVIEMBRE;1955;0
2;25 DE DICIEMBRE;1955;0
1;LAGO SAN PEDRO;1960;0
2;MIRAFLORES;1960;0
1;UNION MILAGREÑA;1965;0
2;SANTA ROSA;1965;0
1;SAN JACINTO DEL BUA;1970;0
2;UMPECHICO;1970;0
3;SAN VICENTE DEL BUA;1970;0
4;SAN FRANCISCO DE CHILA;1970;0
5;SAN PEDRO DEL LAUREL;1970;0
1;SAN PEDRO DE SUMA;1980;1
2;PUERTO NUEVO;1980;1
3;LAS MERCEDES DE AGUAS SUCIA;1980;1
1;EL ESFUERZO;1990;0
2;LA REFORMA;1990;0
3;PALMAR DEL BIMBE;1990;0
1;BOLASPAMBA;2000;0
2;VEGA ALTA;2000;0
1;LA CONCEPCION;2010;0
2;PALO BLANCO;2010;0
3;SANTA LUCIA;2010;0
4;NARANJITO;2010;0
1;LAGARTO;2035;0
2;BOCANA DEL LAGARTO;2035;0
3;VAINILLA;2035;0
1;SANTA MARIA DEL TOACHI;2045;0
2;CORINA PARRAL;2045;0
3;SAN JOSE DEL MIRADOR;2045;0
4;LA MORENA;2045;0
1;RIO BONITO;2050;0
2;SAN MIGUEL DE BRAZIL;2050;0
3;SAN VICENTE;2050;0
4;PAGUA;2050;0
1;LA MERCED DE BUENOS AIRES;2060;0
2;PALMIRA DE TOCTEMI - AWA;2060;0
1;LA PAZ;2070;0
2;CHAPINTZA BAJO;2070;0
3;KURINTS;2070;0
4;NUEVO PORVENIR;2070;0
1;SAN ANDRES;2110;0
2;LA PALMA;2110;0
1;LA TOLA;2125;0
2;SAN PEDRO;2125;0
1;LA UNION;2135;2
2;CHICOMPE;2135;2
1;LAURO GUERRERO;2140;0
2;LA PALMA;2140;0
1;LA VICTORIA DE IMBANA;2155;0
2;EL TIBIO;2155;0
3;TAMBO BLANCO;2155;0
1;LICTO;2165;0
2;TUNSHI SAN NICOLAS;2165;0
1;LIMONCOCHA;2175;0
2;NUEVO PARAISO;2175;0
3;UNIÓN AMAZÓNICA;2175;0
4;24 DE MAYO;2175;0
5;YAMANUNKA;2175;0
6;SANI ISLA;2175;0
1;LOS ANDES;2205;0
2;PIQUIUCHO;2205;0
3;CUNQUER;2205;0
1;LUDO;2215;0
2;BUENA VISTA;2215;0
3;HATOBOLO;2215;0
1;LOS ENCUENTROS;2240;0
2;EL ZARZA;2240;0
1;LLAGOS;2260;0
2;JOYAGSHI;2260;0
1;LLOA;2275;3
2;CHIRIBOGA;2275;3
3;SAN JUAN DE LLOA;2275;3
1;MACUMA;2285;0
2;YUWINTS;2285;0
3;MAMAYAK;2285;0
5;KUSUTKA;2285;0
6;YAMPUNA NORTE;2285;0
7;CENTRO SHUAR KANKAIM NORTE;2285;0
1;MADRE TIERRA;2310;0
2;SANTA ANA;2310;0
3;AMAZONAS;2310;0
4;NUEVA VIDA;2310;0
1;MALDONADO;2340;0
2;CHILMA ALTO;2340;0
1;MALIMPIA /GUAYLLABAMBA;2345;0
3;AGUA CLARA;2345;0
4;EL RECREO;2345;0
5;LA T;2345;0
6;NARANJAL DE LOS CHACHIS;2345;0
7;VALLE DEL SADE;2345;0
8;RONCA TIGRILLO;2345;0
9;5 DE AGOSTO;2345;0
10;VALLE ESMERALDEÑO;2345;0
11;ZAPALLO;2345;0
12;CRISTOBAL COLON;2345;0
13;GUAYACANA;2345;0
14;LAS PAVAS;2345;0
15;AGUA CLARA CHACHI;2345;0
16;UNION MANABITA;2345;0
1;MANGLARALTO;2355;0
2;SAN PEDRO / VALDIVIA;2355;0
3;SINCHAL;2355;0
4;OLON;2355;0
5;LA ENTRADA;2355;0
6;CADEATE;2355;0
7;MONTAÑITA;2355;0
8;LA RINCONADA;2355;0
9;DOS MANGAS;2355;0
10;SITIO NUEVO;2355;0
1;MANU;2360;0
2;TAGUARCOCHA;2360;0
1;MANUEL J. CALLE;2365;0
2;SAN ISIDRO;2365;0
1;MARIANO MORENO/CALLASAY;2385;0
2;CERTAG;2385;0
1;MATAJE;2395;0
2;MATAJE ALTO;2395;0
3;LA CADENA;2395;0
1;MINDO;2410;4
2;PUEBLO NUEVO;2410;4
1;MOLLETURO;2430;0
2;JESUS DEL GRAN PODER;2430;0
3;ZHAGAL;2430;0
4;SAN JOSE DE RECREO;2430;0
5;TAMARINDO;2430;0
6;AGUAS CALIENTES;2430;0
7;ESTERO PIEDRA;2430;0
8;ABDON CALDERÓN;2430;0
9;FLOR Y SELVA;2430;0
10;CAYMATAN;2430;0
1;MONTALVO /ANDOAS;2450;0
2;KAPAWI;2450;0
4;CHARAPACOCHA;2450;0
5;BUFEO;2450;0
6;KURINTZA;2450;0
7;WUAYUSENTSA;2450;0
8;NUMBAIMI;2450;0
9;CONAMBO;2450;0
10;JANDIAYACU;2450;0
11;PINDUYACU;2450;0
12;KAPAWARI;2450;0
13;TERESA MAMA;2450;0
1;MONTEOLIVO;2455;0
2;PUEBLO NUEVO;2455;0
3;EL MOTILON;2455;0
1;MORASPUNGO;2460;0
2;GUAPARA;2460;0
3;PIEDACITA;2460;0
4;EL DESEO;2460;0
5;CALABICITO;2460;0
1;MOROMORO;2465;0
2;PALO SOLO;2465;0
1;LAS NIEVES;2550;0
2;LA PAZ;2550;0
1;NOBOA;2555;2
2;EL ENCUENTRO;2555;2
1;MULTI /  NULTI;2570;0
2;CHALLUABAMBA NULTI;2570;0
1;ORIANGA;2630;0
2;NARANJILLO;2630;0
1;PABLO ARENAS;2675;0
2;LA VICTORIA;2675;0
1;PACTO;2690;3
2;SAGUANGAL;2690;3
3;PACHIJAL;2690;3
1;PALETILLAS;2710;0
2;AÑANCAL;2710;0
3;CAUCHO GRANDE;2710;0
1;PALMALES;2715;0
2;MANABI DE EL ORO;2715;0
1;PALMAS;2725;0
2;JURUPILLOS;2725;0
3;SANTA ROSA;2725;0
1;PALMIRA;2730;0
2;TIPIN;2730;0
3;GALTES;2730;0
1;PANCHO NEGRO;2745;0
2;LA PUNTILLA;2745;0
1;PANACOCHA;2765;0
2;PUKA PEÑA;2765;0
1;PASA;2775;0
2;MOGATO;2775;0
1;PATUCA;2795;0
2;IPIAKIM;2795;0
1;PEÑAHERRERA;2820;0
2;EL CRISTAL;2820;0
3;NANGULVI BAJO;2820;0
1;PICAYHUA;2830;0
2;SIGSIPAMBA;2830;0
1;PIEDRAS;2850;0
2;EL CARMEN;2850;0
1;PILAHUIN;2860;0
2;TAMBO LOMA;2860;0
3;EL SALADO;2860;0
1;PILALO;2865;0
2;APAGUA;2865;0
1;PIMOCHA;2875;0
2;ISABEL MARIA;2875;0
3;LA VIRGINIA;2875;0
1;PINDILIG;2885;0
2;SHAL;2885;0
1;PINTAG;2895;3
2;UBILLUS;2895;3
3;TOLONTAG;2895;3
1;POMASQUI;2925;3
2;PUSUQUI;2925;3
1;POMPEYA;2930;0
2;SAN ANTONIO;2930;0
1;PUELLARO;2980;3
2;ALOGUINCHO;2980;3
3;ALCHIPICHI;2980;3
1;PUERTO CAYO;2990;2
2;CANTA GALLO;2990;2
1;PUERTO MISAHUALLI;3000;0
2;SAN MIGUEL DE PALMERAS;3000;0
3;VENECIA DERECHA;3000;0
1;PUNA;3030;3
2;CAUCHICHE;3030;3
3;CAMPO ALEGRE;3030;3
4;LOS MORREÑOS;3030;3
5;PUERTO ROMA;3030;3
6;MATORRILLO;3030;3
7;MONDRAGÓN;3030;3
1;PUNGALA;3035;0
2;ALAO;3035;0
3;ASHPAPUNGO;3035;0
1;PUNIN;3040;0
2;TZALARON;3040;0
1;PUERTO NAPO;3050;0
2;ATAHUALPA;3050;0
1;QUIMIAG;3095;0
2;PIÑAÑAU;3095;0
3;PUCULPALA;3095;0
1;QUINCHE;3100;3
2;SAN VICENTE DE CUPUCURO;3100;3
3;IGUIÑARO;3100;3
1;QUINGEO;3105;0
2;MONJAS;3105;0
3;PIRICOCHA;3105;0
1;QUISAPINCHA;3120;0
2;ILLAGUA CHICO;3120;0
1;RAMON CAMPAÑA;3155;0
2;PILANCÓN;3155;0
1;RICAURTE;3165;0
2;LA DOLOROSA;3165;0
1;RICAURTE;3170;1
2;PAVON;3170;1
3;SESME;3170;1
4;COLORADO;3170;1
5;NUEVO BACHILLERO;3170;1
6;RIO SANTO;3170;1
7;LAS GARZAS;3170;1
1;RICAURTE;3175;0
2;SALAMPE;3175;0
3;LA INDUSTRIA;3175;0
4;SAN JOSE DE PIJULLO;3175;0
5;LA HOJITA;3175;0
6;POTOSI;3175;0
1;MAKUSAR;3180;0
4;TINKIAS;3180;0
5;YUTSUNTSA;3180;0
1;SURAKA;3195;0
3;WIRIRIMA;3195;0
4;LOROCACHI;3195;0
5;YANDANA ENTSA;3195;0
6;NINA AMARUM;3195;0
1;ROCAFUERTE;3215;0
2;CHUNGUILLO;3215;0
1;ROSA FLORIDA;3220;0
2;LA BARQUILLA;3220;0
1;SABANILLA;3255;0
2;HIGUERON;3255;0
3;POTRERILLOS - VICIN;3255;0
1;SACAPALCA;3270;0
2;CRUZ DE YAZAPA;3270;0
3;LIMON VEGA;3270;0
4;VEGA GRANDE;3270;0
1;SALINAS;3285;0
2;LA PALMA;3285;0
3;CHAZOJUAN;3285;0
4;GRAMALOTE;3285;0
1;SAN ANDRES;3295;0
2;CALSHI;3295;0
1;SAN ANDRES;3300;0
2;HUAPANTE GRANDE;3300;0
1;SAN ANTONIO;3305;0
2;ZHUCAY;3305;0
3;CARGUA;3305;0
4;MANTA REAL;3305;0
1;SAN ANTONIO;3315;0
2;TANGUARIN;3315;0
3;SANTO DOMINGO;3315;0
4;LA COMPANIA;3315;0
5;LOS SOLES;3315;0
1;SAN ANTONIO;3320;0
2;YANGUZA;3320;0
3;YUNGUMAS;3320;0
4;LA VICTORIA;3320;0
5;WARINTZA;3320;0
1;SAN ANTONIO;3330;0
2;LAGUNA DE CAÑAS;3330;0
1;SAN ANTONIO DE CUMBE;3340;0
2;CHAMICAL;3340;0
3;GUELEDEL;3340;0
1;SAN ANTONIO /DEL PELUDO;3350;1
2;BARQUERO;3350;1
3;BRAVOS CHICOS;3350;1
1;SAN BARTOLOME;3355;0
2;ANGAMARQUILLO;3355;0
1;SAN BARTOLOMÉ;3360;0
2;LA LIBERTAD;3360;0
3;SIGSIGLLANO;3360;0
1;SAN BLAS;3365;0
2;IRUGUINCHO;3365;0
1;SAN CRISTOBAL;3375;0
2;GUACHUN;3375;0
1;SAN FRANCISCO;3390;0
2;EL SALTO;3390;0
1;SAN FRANCISCO DE ONZOLE;3405;0
2;ZANCUDO;3405;0
1;SAN FCO. SIGSIPAMBA;3415;0
2;SHANSHIPAMBA;3415;0
1;SANGAY;3420;0
2;CHINIMPI;3420;0
1;SAN GREGORIO;3430;0
2;BALSALITO;3430;0
3;BOCA DEL SUCIO;3430;0
4;TRES VIAS;3430;0
5;SAN SALVADOR CHACHI;3430;0
1;SAN ISIDRO DE PATULU;3450;0
2;CHOCAVI;3450;0
1;SAN JAVIER DE CACHABI;3455;0
2;CHILLAVI DEL CEIBO;3455;0
1;SAN JOAQUIN;3460;0
2;BARABON;3460;0
1;SAN JOSE DE MINAS;3475;3
2;EL MERIDIANO;3475;3
3;PLAYA RICA;3475;3
1;SAN JOSE DE PAYAMINO;3480;0
2;VERDE SUMACO;3480;0
3;SAN FRANCISCO DE ASIS;3480;0
4;UNION Y PROGRESO;3480;0
5;JUAN PIO MONTUFAR;3480;0
1;SAN JOSE DE QUICHINCHE;3490;0
2;INGUINCHO;3490;0
1;SAN JOSE DE RARANGA;3495;0
2;LA ESMERALDA;3495;0
1;SAN JOSE DE TAMBO;3500;0
2;STA ROSA DE AGUA CLARA;3500;0
3;ANGELICA;3500;0
4;VALPARAISO;3500;0
5;JUNTA NUEVA;3500;0
1;SAN JUAN DE PASTOCALLE;3530;0
2;LA LIBERTAD;3530;0
1;SAN JUAN DE POZUL;3535;0
2;POTRERILLOS;3535;0
1;SAN LUCAS;3555;0
2;LAS JUNTAS;3555;0
1;SAN LUIS;3560;0
2;SAN ANTONIO DE GUASLAN;3560;0
1;SAN MATEO;3570;0
2;TIMBRE;3570;0
1;SAN PABLO;3590;0
2;EL TOPO;3590;0
1;SAN PABLO DE ATENAS;3595;0
2;GUAMALÁN;3595;0
1;SAN PABLO DE USHPAYACU;3605;0
2;POROTOYACU;3605;0
1;PUERTO LIBRE;3615;0
2;SINANGUE;3615;0
1;SAN PLACIDO;3625;2
2;EL PROGRESO;3625;2
1;SANTA MARIA;3632;1
2;LA PALIZADA;3632;1
3;SANTA TERESA;3632;1
89;VOTO EN CASA;3632;1
1;LA 14/EL PARAISO;3635;1
2;EL ROSARIO;3635;1
3;EL DESCANSO;3635;1
89;VOTO EN CASA;3635;1
1;SAN ROQUE;3645;0
2;SAN PABLO;3645;0
3;TIERRAS ORIENTALES;3645;0
1;SAN SEBASTIAN DE COCA;3660;0
2;SAN PABLO;3660;0
3;SARDINAS;3660;0
4;HUATARACU;3660;0
1;SAN SEBASTIAN DE YULOG;3665;0
2;UCHUCAY;3665;0
1;SAN SIMON;3670;0
2;GRADAS;3670;0
1;SAN VICENTE DE PUSIR;3680;0
2;PUSIR GRANDE;3680;0
3;TUMBATÚ;3680;0
1;SANTA ELENA;3705;0
2;UNIÓN ORENSE;3705;0
1;SANTA RITA;3725;0
2;SAN FRANCISCO DE BOGOTA;3725;0
1;SANTA ROSA;3730;0
2;CUATRO ESQUINAS;3730;0
1;SANTA ROSA DE FLANDES;3740;4
2;VILLA NUEVA;3740;4
1;SANTA ROSA DE QUIJOS;3745;0
2;CASCABEL;3745;0
1;SANTA RUFINA;3755;0
2;LOZUMBE;3755;0
1;SANTA SUSANA DE CHIVIAZA;3760;0
2;LA ESPERANZA;3760;0
3;PUPUNAS;3760;0
1;SANTA TERESITA;3765;0
2;TUNDURAMA;3765;0
1;SANTIAGO;3775;0
2;TOTORAS;3775;0
1;ZARAYACU;3785;0
2;PACAYACU;3785;0
3;MORETECOCHA;3785;0
4;JATUN MOLINO;3785;0
5;SANTIAK;3785;0
6;ACHUAR;3785;0
7;RAYAYACU;3785;0
8;PIWIRI;3785;0
9;GUARANI;3785;0
10;UYUIMI;3785;0
11;LLANCHAMA COCHA;3785;0
1;SAYAUSI;3795;0
2;SAN MIGUEL;3795;0
3;BELLAVISTA;3795;0
1;SELVA ALEGRE;3805;0
2;PALMA REAL;3805;0
1;SEVILLA DON BOSCO;3830;0
2;SAN LUIS DE ININKIS;3830;0
3;UUNT WICHIM;3830;0
4;SANTA ROSA;3830;0
5;UUNT SUANTS;3830;0
6;MUTINTS;3830;0
7;PANKINTS CUTUCU;3830;0
8;MIAZAL;3830;0
9;SHUAR KURINUNKA;3830;0
10;SAN JOSE DE KUSUIM;3830;0
11;UCHICH SUANTS;3830;0
12;TSENKUSH;3830;0
13;TUYUNTZA NORTE;3830;0
15;CENTRO NUWENTS;3830;0
16;UYUNTS;3830;0
17;NUMPAIM;3830;0
18;DON BOSCO;3830;0
19;CHAPIS;3830;0
20;ANTUASH;3830;0
21;COMUNIDAD DE SANTA ANA;3830;0
1;SHAGLLI;3835;0
2;HUERTAS;3835;0
3;PUCULCAY;3835;0
1;SIDCAY;3850;0
2;BIBIN;3850;0
3;ALTOS DE MACHANGARA;3850;0
1;SIMIATUG;3860;0
2;MINDINA;3860;0
3;SANTA TERESA;3860;0
4;INGAPIRCA;3860;0
5;TALAHUA;3860;0
1;SININCAY;3870;0
2;CRUCE DEL CARMEN;3870;0
3;SAN JOSE DE BALZAY;3870;0
1;SIMON BOLIVAR;3915;0
2;JUNTAS DEL PACIFICO;3915;0
3;SUBE Y BAJA;3915;0
4;LIMONCITO;3915;0
5;LA FRUTILLA;3915;0
1;SAN CARLOS DE LIMON;3920;0
2;NUMPATKAIN;3920;0
3;WAAPIS;3920;0
1;TACAMOROS;3935;0
2;LA DELICIA;3935;0
3;PANDUANA;3935;0
1;TAMBILLO;3955;0
2;EL PROGRESO;3955;0
1;TAMBILLO;3960;4
2;EL MURCO;3960;4
1;TAQUIL /MIGUEL RIOFRIO;3970;0
3;CERA;3970;0
1;TARQUI;3980;0
2;TUTUPALI BAJO;3980;0
3;GULLANZHAPA;3980;0
1;TARQUI;3985;0
2;PUTUIMI;3985;0
3;SAN JACINTO;3985;0
4;SAN PEDRO;3985;0
1;TELIMBELA;3995;0
2;UNION DE TIANDIAGOTE;3995;0
3;TABLAS LA FLORIDA;3995;0
1;TENDALES;4000;0
2;BAJO ALTO;4000;0
1;TNTE. HUGO ORTIZ;4005;0
2;LA MARISCAL;4005;0
3;BOAYACU;4005;0
1;TIMBARA;4010;0
2;ROMERILLOS BAJOS;4010;0
3;LA PITUCA;4010;0
1;TINGO;4015;0
2;EL PROGRESO;4015;0
3;PUEMBO;4015;0
1;TIXAN;4030;0
2;COCANES;4030;0
1;TOBAR DONOSO;4040;0
2;EL BABOSO;4040;0
1;TONCHIGUE;4055;0
2;QUITITO;4055;0
3;SAME;4055;0
1;TOTORAS;4065;0
2;HUACHI TOTORAS;4065;0
1;TULULBI /RICAURTE;4075;0
2;LA CEIBA;4075;0
3;CENTRO AWA PAMBILAR;4075;0
4;CENTRO AWA GUADUALITO;4075;0
1;TUMBACO;4085;3
2;TOLA GRANDE;4085;3
3;LA MORITA;4085;3
4;TOLA CHICA;4085;3
1;TUPIGACHI;4090;4
2;LA FLORENCIA;4090;4
1;TUTUPALI;4105;0
2;SAYUPAMBA;4105;0
3;LA ESPERANZA;4105;0
1;ULBA;4135;0
2;VIZCAYA;4135;0
1;TELEMBI;4170;0
2;LOMA LINDA;4170;0
3;CORRIENTE GRANDE;4170;0
4;JEYAMBI;4170;0
5;GUALPI DEL CAYAPAS;4170;0
1;VALLADOLID;4195;0
2;TAPALA;4195;0
3;FATIMA;4195;0
1;VALLE;4200;0
2;CHILCAPAMBA;4200;0
3;GUALALCAY;4200;0
1;VICENTINO;4210;0
2;GUATUNUMÁ;4210;0
1;LA VICTORIA;4215;0
2;RIO NEGRO;4215;0
1;YASUNI;4295;0
2;FRONTERAS DEL ECUADOR;4295;0
1;YAUPI;4300;0
2;YAAP;4300;0
3;TUMPAIM;4300;0
4;SANTIAGO TUKUP;4300;0
1;ZAPOTAL;4330;0
2;NUEVO ZAPOTAL;4330;0
3;TARIRA;4330;0
4;AGUAS FRIAS DE MEDELLIN;4330;0
1;ZHIDMAD;4340;0
2;SAN JOSE DE LALCOTE;4340;0
1;ZUMBAHUA;4365;0
2;LA COCHA;4365;0
3;TIGUA WANAPAMPA;4365;0
1;PUERTO LIMÓN;4440;0
2;SANTA CECILIA DE PUPUSA;4440;0
3;SAN REMO;4440;0
4;VICENTE ROCAFUERTE;4440;0
5;EL PROGRESO;4440;0
1;SANTO DOMINGO DE ONZOLE;4465;0
2;COLON DE ONZOLE;4465;0
3;CHACHI CAPULÍ;4465;0
4;CHACHI GUALPÍ DE ONZOLE;4465;0
5;HOJAS BLANCAS;4465;0
6;HOJAS BLANCAS CHACHI;4465;0
1;SAN FRANCISCO DEL VERGEL;4505;0
2;SAN JUAN DE PUNCHES;4505;0
3;SAN MARTIN DE PORRES;4505;0
1;SIMON BOLIVAR;4510;0
2;CHAPINTZA;4510;0
3;SHARUPI;4510;0
4;SAN CARLOS;4510;0
5;CHICO COPATAZA;4510;0
6;COPATAZA;4510;0
7;CHUWITAYU;4510;0
8;ANKUASH;4510;0
9;TSURAKU;4510;0
1;TORATA;4525;0
2;EL GUAYABO;4525;0
1;MILAGROS;4545;0
2;EL GUANDO;4545;0
1;NUEVO PARAISO;4570;0
2;YAWI;4570;0
3;SELVA ALEGRE;4570;0
1;PUMPUENTSA;4575;0
2;WAZAKENTZA;4575;0
3;MASHUMARENTZA;4575;0
4;ACHUAR SAAPAPENTSA;4575;0
5;SEBASTIAN;4575;0
6;ACHUAR WICHIM;4575;0
7;JUYUKAMENTSA;4575;0
8;COMUNIDAD ACHUAR SETUCH;4575;0
9;COMUNIDAD ACHUAR KUPIT;4575;0
1;10 DE AGOSTO;4625;0
2;SALINAS;4625;0
3;SAN PEDRO (EL CONDOR);4625;0
1;10 DE AGOSTO;4630;0
2;WAMANÍ;4630;0
3;WAWA SUMACO;4630;0
4;PACTO SUMACO;4630;0
5;CHALLWAYAKU;4630;0
1;LA CUCA;4650;0
2;LOS GUAYACANES;4650;0
1;NUEVA TRONCAL;4740;0
2;LOS ANGELES;4740;0
3;LOS MADEROS;4740;0
4;MUSHUK KAWSAY;4740;0
5;KUYLLIS;4740;0
1;SANSAHUARI;4745;0
2;UNIÓN NACIONAL;4745;0
1;ALAUSI;5010;0
2;NIZAG;5010;0
1;CHIMBACALLE;5015;2
2;ALPAHUASI;5015;2
3;LA MEXICO;5015;2
4;LOS ANDES;5015;2
5;LULUNCOTO;5015;2
6;PIO XII;5015;2
1;ANDRES DE VERA;5030;2
2;EL FLORON;5030;2
3;SAN ALEJO;5030;2
4;SAN GREGORIO;5030;2
5;URUGUAY;5030;2
89;VOTO EN CASA;5030;2
1;ANGEL POLIVIO CHAVEZ;5035;0
2;GUACHANA;5035;0
3;SAN JUAN DE LLULLUNDONGO;5035;0
89;VOTO EN CASA;5035;0
1;ATOCHA FICOA;5045;0
2;ATOCHA;5045;0
1;AZOGUES;5065;0
2;LA PLAYA;5065;0
3;FERROVIARIA;5065;0
4;CIUDADELA DEL CHOFER;5065;0
5;UCHUPUCUN;5065;0
89;VOTO EN CASA;5065;0
1;ARCHIDONA;5070;0
2;SANTA RITA;5070;0
1;BALZAR;5100;4
2;LA GUAYAQUIL;5100;4
1;MACHÁNGARA;5140;0
2;CAPULISPAMBA;5140;0
3;CHALLUABAMBA MACHANGARA;5140;0
4;OCHOA LEON;5140;0
1;CALCETA;5150;1
2;SAN PABLO DE SEVERINO;5150;1
1;CAÑAR;5160;0
2;QUILLOAC;5160;0
3;NAR;5160;0
1;5 DE AGOSTO;5210;0
2;PROPICIA 1;5210;0
3;PROPICIA 4;5210;0
89;VOTO EN CASA;5210;0
1;CLEMENTE BAQUERIZO;5215;0
2;PUERTA NEGRA;5215;0
89;VOTO EN CASA;5215;0
1;COTOCOLLAO;5220;1
2;23 DE JUNIO;5220;1
3;JARRIN - LOMA HERMOSA;5220;1
4;QUITO NORTE;5220;1
5;THOMAS;5220;1
89;VOTO EN CASA;5220;1
1;CHILLANES;5245;0
2;ACHIN;5245;0
3;PALMIRA;5245;0
4;SAN VICENTE DE POROTOPAMBA;5245;0
5;SAN JOSÉ DE GUAYABAL;5245;0
6;ARRAYANPAMBA;5245;0
7;SANTA ROSA DE CERRITOS;5245;0
8;UNDUSHI;5245;0
89;VOTO EN CASA;5250;1
1;CHILLOGALLO;5260;2
2;BUENA VENTURA;5260;2
3;EL TRANSITO;5260;2
4;SAN LUIS;5260;2
5;SANTA MARTHA;5260;2
6;VENCEREMOS;5260;2
89;VOTO EN CASA;5260;2
1;COLON;5265;2
2;PACHINCHE EN MEDIO;5265;2
3;LOS ÁNGELES;5265;2
1;CATAMAYO;5270;0
2;CHICHACA;5270;0
89;VOTO EN CASA;5275;4
1;12 DE MARZO;5280;2
2;FORESTAL;5280;2
89;VOTO EN CASA;5280;2
1;EL ANGEL;5295;0
2;INGUEZA;5295;0
1;EL CARMEN;5300;1
2;LA BRAMADORA;5300;1
3;EL PORVENIR;5300;1
4;ALEJANDRINO VELÁSQUEZ;5300;1
1;EL CORAZON;5305;0
2;QUISHPE;5305;0
1;EL VECINO;5330;0
2;MIRAFLORES;5330;0
3;LA CATÓLICA;5330;0
89;VOTO EN CASA;5330;0
1;ESMERALDAS;5335;0
2;ISLA LUIS VARGAS TORRES;5335;0
89;VOTO EN CASA;5335;0
1;EL GUABO;5340;0
2;TILLALES;5340;0
3;EL RETIRO;5340;0
1;ECHEANDIA;5350;0
2;SABANETILLAS;5350;0
1;FEBRES CORDERO;5355;1
2;PATRIA ECUATORIANA;5355;1
3;BARRIO PUERTO LISA;5355;1
4;BATALLÓN DEL SUBURBIO;5355;1
5;HOSPITAL GUAYAQUIL;5355;1
6;LA Q;5355;1
7;CUARTEL CUATRO;5355;1
8;DIOS PATRIA Y LIBERTAD;5355;1
9;ESTERO SALADO;5355;1
10;COLEGIO GARCIA GOYENA;5355;1
11;LA COLMENA;5355;1
12;CISNE 2 - LA PISTA;5355;1
13;PUENTE PATRIA;5355;1
14;VIRGEN DE FATIMA;5355;1
89;VOTO EN CASA;5355;1
89;VOTO EN CASA;5360;0
1;COLIMES;5365;4
2;EL RELICARIO;5365;4
1;YANUNCAY;5370;0
2;MISICATA;5370;0
1;GABRIEL I VEINTIMILLA;5375;0
2;INTI CHURI - CASAICHE;5375;0
89;VOTO EN CASA;5375;0
1;GARCIA MORENO;5380;3
2;GUAYAQUIL;5380;3
1;GONZALEZ SUAREZ;5415;0
2;CHAPUEL;5415;0
3;EL BOSQUE;5415;0
89;VOTO EN CASA;5415;0
1;GUALACEO;5420;0
2;BULLCAY;5420;0
1;GUALAQUIZA;5425;0
2;TUCUMBAZA;5425;0
3;PROVEEDURIA;5425;0
1;GUAMOTE;5430;0
2;PULL CHICO;5430;0
3;JATUN PAMBA;5430;0
4;LAIME SAN CARLOS;5430;0
5;TIOCAJAS PALACIO HUATANA;5430;0
89;VOTO EN CASA 1;5445;0
90;VOTO EN CASA 2;5445;0
1;IGNACIO FLORES;5465;0
2;PALOPO CENTRO;5465;0
1;BALAO;5470;4
2;CIEN FAMILIAS;5470;4
1;CHAMBO;5475;0
2;PANTAÑO;5475;0
3;GUAYLLABAMBA;5475;0
1;FLAVIO ALFARO;5480;1
2;LA CRESPA;5480;1
3;SAN JOSE DE TRIPA DE POLLO;5480;1
4;LA CODICIA;5480;1
5;LA LAGUNA DE CUCHARA;5480;1
6;EL DESCANSO DE LOS ROMEROS;5480;1
7;LA MATUTINA;5480;1
1;JIPIJAPA;5485;2
2;SANCAN;5485;2
1;JORDAN;5490;0
2;LA COMPANIA;5490;0
89;VOTO EN CASA;5490;0
1;JUNIN;5505;1
2;MONTAÑITA;5505;1
1;LA LIBERTAD;5535;2
2;LA CANTERA;5535;2
3;LA ERMITA;5535;2
4;LOS LIBERTADORES;5535;2
1;LA MAGDALENA;5540;2
2;EL PINTADO;5540;2
3;LA ATAHUALPA;5540;2
4;LOS DOS PUENTES;5540;2
5;PRIMERO DE MAYO;5540;2
6;VILLAFLORA;5540;2
1;LA MATRIZ;5545;0
2;MIRAFLORES;5545;0
1;LA MATRIZ;5550;0
2;PUNGAL GRANDE;5550;0
3;LANGOS PANAMERICANA;5550;0
89;VOTO EN CASA;5555;0
1;LA PROVIDENCIA;5565;0
2;RAYITO DE LUZ;5565;0
3;LA IBERIA;5565;0
4;LOS VERGELES;5565;0
89;VOTO EN CASA;5565;0
1;ESTEROS;5570;2
2;EL PALMAR;5570;2
3;ALTAGRACIA;5570;2
4;LA PRADERA;5570;2
89;VOTO EN CASA;5570;2
1;LETAMENDI;5585;3
2;4 DE NOVIEMBRE;5585;3
3;VIRGEN DEL SOTO;5585;3
89;VOTO EN CASA;5585;3
89;VOTO EN CASA;5590;0
1;LOURDES;5595;0
2;LAS COCHAS;5595;0
3;SAN VICENTE DEL RIO;5595;0
1;LA TRONCAL;5610;0
2;VOLUNTAD DE DIOS;5610;0
3;COCHANCAY;5610;0
4;ROBERTO ISAIAS;5610;0
5;JAIME ROLDOS;5610;0
6;JULIO MARIA MATOVELLE;5610;0
89;VOTO EN CASA;5615;0
89;VOTO EN CASA;5625;0
1;MANTA - PEDRO FERMIN;5635;2
2;SANTA MARTHA;5635;2
3;UNIVERSIDAD;5635;2
89;VOTO EN CASA;5635;2
1;MONTALVO /SABANETA;5640;0
2;LA PRETORIA;5640;0
1;MILAGRO;5660;4
2;CRNL. ENRIQUE VALDEZ;5660;4
3;ESTATAL;5660;4
4;ERNESTO SEMINARIO;5660;4
5;OTTO AROSEMENA;5660;4
6;CHIRIJOS;5660;4
7;CAMILO ANDRADE;5660;4
8;MILAGRO NORTE;5660;4
9;DIEZ DE AGOSTO;5660;4
89;VOTO EN CASA 1;5660;4
90;VOTO EN CASA 2;5660;4
1;MONTECRISTI;5665;2
2;LOS BAJOS DE PECHICHE;5665;2
4;BAJO DE LA PALMA;5665;2
5;PILE;5665;2
1;MUISNE;5670;0
3;NUEVO MUISNE;5670;0
4;SAN PEDRO DE BILSA;5670;0
1;MACARA;5680;0
2;ALGODONAL;5680;0
1;MIRA;5685;0
2;MASCARILLA;5685;0
3;HATO DE MIRA;5685;0
1;PUCARA;5690;0
2;SARAYUNGA;5690;0
3;GRAMALOTE;5690;0
4;CERRO NEGRO;5690;0
5;PELINCAY;5690;0
7;CALIGUIÑA;5690;0
8;LA DOLOROSA;5690;0
9;LAS PALMAS;5690;0
10;SANTA CECILIA;5690;0
11;SAN ANTONIO DE ÑUGRO;5690;0
1;NARANJITO;5705;4
2;SAN FRANCISCO;5705;4
1;NUEVA LOJA;5710;0
2;PUERTO AGUARICO;5710;0
3;LA PISTA;5710;0
89;VOTO EN CASA;5710;0
1;CHILLA;5715;0
2;PLAYAS DE DAUCAY;5715;0
3;PEJEYACU;5715;0
4;DUMARI;5715;0
5;CARABOTA;5715;0
1;ABRAHAM CALAZACON;5730;0
2;15 DE SEPTIEMBRE;5730;0
3;LAS PLAYAS;5730;0
4;LOS COLONOS;5730;0
5;LUZ DEL DIA;5730;0
6;NUEVA AURORA;5730;0
7;PLAN DE VIVIENDA;5730;0
8;PROLETARIADO;5730;0
9;VILLA FLORIDA;5730;0
10;SAN MIGUEL;5730;0
89;VOTO EN CASA;5730;0
1;PEDRO CARBO;5735;4
2;VILLAO;5735;4
1;PIMAMPIRO;5750;0
2;CHALGUAYACO;5750;0
3;PUEBLO NUEVO DE YUQUIN;5750;0
4;EL INCA;5750;0
1;PAUTE;5775;0
2;VILLAFLOR;5775;0
3;ZHUMIR;5775;0
89;VOTO EN CASA;5775;0
89;VOTO EN CASA;5780;0
1;PORTOVIEJO - PARQUE CENTRAL;5795;2
2;RAFAEL MARIA MENDOZA;5795;2
1;EL COCA;5815;0
2;SAN JOSE DEL COCA;5815;0
3;FLOR DE ORIENTE;5815;0
4;FLOR DE PANTANO;5815;0
5;AMAZONAS;5815;0
6;JORGE RODRIGUEZ ROMAN;5815;0
89;VOTO EN CASA;5815;0
1;PUJILI;5820;0
2;JUIGUA YACYBAMBA;5820;0
89;VOTO EN CASA;5825;0
1;PISHILATA;5840;0
2;SAN VICENTE;5840;0
3;LA JOYA;5840;0
4;TECHO PROPIO - TIUGUA;5840;0
1;PICOAZA;5845;2
2;MEJIA;5845;2
3;HIGUERON ADENTRO;5845;2
1;QUEVEDO;5855;0
2;QUEVEDO NORTE;5855;0
89;VOTO EN CASA;5855;0
1;BOMBOLI;5860;0
2;LAS DELICIAS;5860;0
3;NUEVO ISRAEL;5860;0
4;AVISPA CHILA;5860;0
5;LIBERTAD LOJANA;5860;0
6;EL PORTÓN;5860;0
7;ACACIAS;5860;0
8;CHE GUEVARA;5860;0
9;CIUDAD NUEVA;5860;0
10;ECHANIQUE;5860;0
11;JUAN EULOGIO;5860;0
12;LOS ROSALES;5860;0
13;TERMINAL TERRESTRE;5860;0
14;UCOM;5860;0
15;COLORADOS DEL BUA;5860;0
16;SAN PABLO DE CHILA;5860;0
89;VOTO EN CASA;5860;0
1;RIO VERDE;5865;0
2;JULIO MORENO ESPINOZA;5865;0
3;CRISTO VIVE;5865;0
4;LA PEPSI;5865;0
5;LA QUEVEDO;5865;0
6;SANTA MARTHA -2-;5865;0
7;SANTA MARTHA -1-;5865;0
8;20 DE OCTUBRE;5865;0
9;AQUEPÍ;5865;0
10;LA CADENA;5865;0
11;LAS PALMERAS;5865;0
89;VOTO EN CASA;5865;0
1;RIO TOACHI;5870;0
2;EL PLACER DEL TOACHI;5870;0
3;LAS MERCEDES;5870;0
4;EL PARAISO;5870;0
5;BRASILIA DEL TOACHI;5870;0
6;VELASCO IBARRA;5870;0
7;LIBERTAD DEL TOACHI;5870;0
8;10 DE AGOSTO;5870;0
1;ROCAFUERTE;5885;1
2;SOSOTE;5885;1
3;EL HIGUERON;5885;1
4;EL RESBALÓN;5885;1
5;SAN ELOY;5885;1
1;ROSA ZARATE;5895;0
2;LA SEXTA;5895;0
4;SAN RAMON;5895;0
5;LA Y DE LA LAGUNA DE HERRERA;5895;0
7;HERRERA;5895;0
8;CUPA;5895;0
9;NUEVO QUININDÉ;5895;0
10;PUEBLO NUEVO;5895;0
89;VOTO EN CASA;5895;0
89;VOTO EN CASA;5915;0
89;VOTO EN CASA;5920;0
1;SAMBORONDON;5925;3
2;EL ROSARIO;5925;3
89;VOTO EN CASA;5955;0
1;SAN FRANCISCO;5960;0
2;MANZANO GUARANGUI;5960;0
1;SAN JOSE;5970;0
2;EL CAPULÍ;5970;0
3;CANCHAGUANO;5970;0
1;SAN MIGUEL;5995;0
2;QUISACOTO;5995;0
1;SAN MIGUEL DE SALCEDO;6000;0
2;CHAMBAPONGO;6000;0
3;SAN FRANCISCO DE COLLANAS;6000;0
4;SALACHE BARBAPAMBA;6000;0
89;VOTO EN CASA;6015;0
1;SANTA ELENA;6040;0
2;SAN PABLO;6040;0
3;OTTO AROSEMENA;6040;0
4;AZUCAR;6040;0
5;SAN VICENTE;6040;0
6;BAÑOS DE SAN VICENTE;6040;0
89;VOTO EN CASA;6040;0
1;SANTA ISABEL;6045;0
3;JUBONES;6045;0
89;VOTO EN CASA;6045;0
1;SANTA RITA;6055;1
2;PUEBLITO (RIO GRANDE);6055;1
3;PUERTO EL MATE;6055;1
4;ÑAUSE;6055;1
5;QUEBRADA DEL BEJUCO;6055;1
6;CARRASCO;6055;1
7;TABLADA DE SÁNCHEZ;6055;1
1;SANTO DOMINGO;6065;0
3;CLEMENCIA DE MORA;6065;0
4;30 DE JULIO -1-;6065;0
89;VOTO EN CASA;6065;0
1;SIGSIG;6085;0
2;PIRUNCAY;6085;0
1;MIRAFLORES;6100;0
3;CELI ROMÁN;6100;0
4;CLODOVEO;6100;0
5;BELÉN;6100;0
6;MENFIS-OBRAPIA;6100;0
7;BOLONIA;6100;0
8;GRAN COLOMBIA;6100;0
9;TIERRAS COLORADAS;6100;0
89;VOTO EN CASA;6100;0
1;SUCUA;6110;0
2;SAN PABLO;6110;0
3;SAIP;6110;0
89;VOTO EN CASA;6110;0
1;PUERTO QUITO;6125;4
2;SIMON BOLIVAR;6125;4
3;LA ABUNDANCIA;6125;4
4;SANTA MARIANITA;6125;4
5;LAS MARAVILLAS;6125;4
1;SHUSHUFINDI CENTRAL;6140;0
2;MISS ECUADOR;6140;0
3;CUMANDA;6140;0
1;TARQUI;6150;2
2;ACUARELA - SAUCES;6150;3
3;ALBORADA;6150;2
4;ATARAZANA;6150;3
5;CHONGON;6150;2
6;LOS CEIBOS;6150;2
7;COLINAS DE LA FLORIDA;6150;2
8;MARTHA ROLDOS;6150;3
9;EL CONDOR;6150;2
10;JUAN MONTALVO;6150;2
11;LA PROSPERINA;6150;2
12;URDESA;6150;3
13;QUINTO GUAYAS;6150;2
14;SAN EDUARDO;6150;3
15;URDENOR;6150;2
16;NUEVA PROSPERINA;6150;2
17;VÍA A LA COSTA;6150;3
18;SABANA GRANDE;6150;3
19;CONSUELO;6150;3
20;MAPASINGUE ESTE;6150;3
21;LOMAS DE LA FLORIDA;6150;2
22;SAUCES OESTE;6150;2
23;SAMANES;6150;2
24;ALBORADA OESTE;6150;2
25;ALBORADA ESTE;6150;2
26;GUAYACANES;6150;2
27;KENNEDY;6150;2
28;MIRAFLORES;6150;3
29;BELAVISTA-FERROVIARIA;6150;3
30;GARZOTA;6150;3
89;VOTO EN CASA;6150;2
1;CENTRO DE TARQUI;6155;2
2;SAN PEDRO;6155;2
3;JOCAY;6155;2
4;MARIA AUXILIADORA NRO 2;6155;2
89;VOTO EN CASA;6155;2
89;VOTO EN CASA;6160;0
1;TULCAN;6165;0
2;LA ESTRELLITA;6165;0
3;LAS GRADAS;6165;0
1;TOSAGUA;6170;1
2;EL TAMBO;6170;1
3;EL JUNCO;6170;1
4;CERRO VERDE;6170;1
5;BOTIJAS AFUERA;6170;1
1;CHIGUILPE;6175;0
2;SAN GABRIEL DEL BABA;6175;0
3;JULIO MORENO - SAN VICENTE DE AQUEPI;6175;0
4;NUEVO CAMINO;6175;0
5;UNIFICADOS;6175;0
6;MARINA PEÑAHERRERA;6175;0
7;NUEVO SANTO DOMINGO;6175;0
1;ZARACAY;6180;0
2;9 DE DICIEMBRE;6180;0
1;JOYA DE LOS SACHAS;6200;0
2;MARISCAL SUCRE;6200;0
3;12 DE FEBRERO;6200;0
4;EL ORO;6200;0
89;VOTO EN CASA;6210;0
89;VOTO EN CASA;6220;0
1;VELASCO IBARRA;6225;4
2;ATILIO VÉLEZ;6225;4
3;29 DE OCTUBRE;6225;4
1;VENTANAS;6235;0
2;LAS MALVINAS;6235;0
1;VINCES;6245;0
2;BALZAR DE VINCES;6245;0
3;LA MECHA;6245;0
4;MACUL;6245;0
1;PLAYAS;6255;3
2;SAN ANTONIO;6255;3
3;DATA DE VILLAMIL;6255;3
4;ENGABAO;6255;3
5;PLAYAS NORTE;6255;3
1;XIMENA;6265;1
2;ESTEROS;6265;1
3;ACACIAS-GUANGALA;6265;1
4;FERTISA;6265;1
5;HUANCAVILCA - COVIEM;6265;1
6;ISLA TRINITARIA;6265;1
7;PRADERA;6265;1
8;LOS ALMENDROS - SAIBA;6265;1
9;GUASMO SUR-LA PLAYITA;6265;1
10;GUASMO NORTE;6265;1
11;FLORESTA;6265;1
12;MATERNIDAD DEL GUASMO;6265;1
89;VOTO EN CASA;6265;1
1;YAGUACHI NUEVO;6285;4
2;CENTENARIO;6285;4
1;YANZATZA;6295;0
2;SAN SEBASTIAN;6295;0
3;NUEVA ESPERANZA;6295;0
89;VOTO EN CASA;6305;0
1;ZUMBA;6315;0
2;EL PROGRESO;6315;0
3;BELLAVISTA;6315;0
4;LA DIVERSION;6315;0
5;LA GUAYUSA;6315;0
6;GUARIMIZAL;6315;0
1;EL DORADO DE CASCALES;6325;0
5;BERMEJO;6325;0
6;TARUKA;6325;0
1;PALENQUE;6330;0
2;LA LIBERTAD;6330;0
3;JAUNECHE;6330;0
1;CALUMA /SAN ANTONIO;6340;0
2;PASAGUA;6340;0
3;YATUVI;6340;0
4;SAN PABLO DE PITA;6340;0
1;EL TAMBO;6345;0
2;MARIA AUXILIADORA;6345;0
3;PILCOPATA;6345;0
1;S.MIGUEL DE LOS BANCOS;6350;4
2;GANADEROS ORENSES;6350;4
3;SAN BERNABE;6350;4
4;RÍO BLANCO;6350;4
1;EL PANGUI;6355;0
2;KUNKI;6355;0
3;UWENTS;6355;0
1;OÑA;6360;0
2;MORAS LOMA;6360;0
1;ATACAMES;6380;0
2;ESTERO DEL MEDIO;6380;0
3;CHONE;6380;0
1;HUAMBOYA;6390;0
2;NAMAKIM;6390;0
3;SHUAR PANKINTS;6390;0
1;SANTA CLARA;6395;0
2;SAN FRANCISCO DE PUNIN;6395;0
1;PASCUALES;6405;2
2;BASTIÓN POPULAR;6405;2
3;EL PARAISO DE LA FLOR;6405;2
4;LAS ORQUIDEAS - MUCHO LOTE;6405;2
5;LOS VERGELES;6405;2
6;MONTEBELLO;6405;2
7;FLOR DE BASTIÓN;6405;2
8;METROPOLIS;6405;2
9;PUENTE LUCIA;6405;2
10;SERGIO TORAL;6405;2
11;MONTE SINAI;6405;2
12;BALERIO ESTACIO;6405;2
89;VOTO EN CASA 1;6405;2
90;VOTO EN CASA 2;6405;2
1;CRNL MARCELINO MARIDUENAS;6410;4
2;LA ISLA;6410;4
1;PEDRO VICENTE MALDONADO;6415;4
2;LA CELICA;6415;4
3;ANDOAS;6415;4
4;SALCEDO LINDO;6415;4
1;CUMANDA;6420;0
3;SUNCAMAL;6420;0
1;DELEG;6425;0
2;BAYANDEL;6425;0
3;HORNAPALA;6425;0
1;PEDERNALES;6430;1
2;SERRANO;6430;1
3;CAÑAVERAL DEL NARANJO;6430;1
1;SAN JUAN BOSCO;6445;0
2;CALAGLAS;6445;0
1;SIGCHOS;6450;0
2;SALINAS DE MONTE NUEVO;6450;0
1;LORETO;6455;0
2;ALTAMIRA;6455;0
1;NARCISA DE JESUS;6460;4
2;PETRILLO;6460;4
1;SN JACINTO DE BUENA FE;6465;0
2;FUMISA;6465;0
1;LAS NAVES;6470;0
2;JERUSALEN;6470;0
1;SEVILLA DE ORO;6480;0
2;CAIGUAS;6480;0
3;CHIMUL;6480;0
1;9 DE MAYO;6490;0
5;KM. 15;6490;0
89;VOTO EN CASA;6490;0
1;OLMEDO;6495;2
2;LA FLORIDA;6495;2
89;VOTO EN CASA;6505;0
89;VOTO EN CASA;6510;0
89;VOTO EN CASA;6515;0
1;BOLIVAR;6520;0
2;ALOOR;6520;0
3;CUESACA;6520;0
1;ELOY ALFARO / DURAN;6525;3
2;LOS HELECHOS;6525;3
5;PANORAMA;6525;3
7;YAMILE;6525;3
8;ROSA ELVIRA;6525;3
9;LOS ANGELES;6525;3
10;UNA SOLA FUERZA;6525;3
11;ELOY ALFARO NORTE;6525;3
1;PALLATANGA;6540;0
2;LAS ROSAS;6540;0
3;RODEO VAQUERIA;6540;0
1;PICHINCHA /GERMUD;6550;1
2;EL AJO;6550;1
3;CAÑALES;6550;1
1;MOCHA;6560;0
2;YANAHURCO;6560;0
1;SANTA LUCIA;6580;4
2;EL LIMON;6580;4
3;LAS GABARRAS;6580;4
1;NABON;6595;0
2;ZHIÑA;6595;0
3;RAÑAS;6595;0
4;CHUNASANA;6595;0
1;LA LIBERTAD;6610;0
2;ZONA 3;6610;0
3;ZONA 1;6610;0
4;ZONA 2;6610;0
5;ZONA 4;6610;0
89;VOTO EN CASA;6610;0
1;GUACHAPALA;6615;0
2;SACRE;6615;0
1;ZUMBI;6625;0
3;NANGUIPA ALTO;6625;0
4;LA WINTZA;6625;0
6;SAN PABLO;6625;0
1;GUANUJO;6630;0
4;CUATRO ESQUINAS;6630;0
6;PACHAKUTIK;6630;0
89;VOTO EN CASA;6630;0
89;VOTO EN CASA;6635;0
1;HUACA;6665;0
2;CUASPUD;6665;0
1;VALENCIA;6685;0
2;EL VERGEL;6685;0
3;COSTA AZUL;6685;0
4;FEDERICO INTRIAGO;6685;0
5;RIO CHILA;6685;0
6;COOPERATIVA 6 DE AGOSTO;6685;0
7;GONZALEZ SUAREZ;6685;0
1;MOCACHE;6695;0
2;AGUAS FRIAS;6695;0
3;SAN LUIS;6695;0
4;ALEJO LASCANO;6695;0
1;TAISHA;6700;0
2;LA LIBERTAD;6700;0
3;PIMPINTS;6700;0
4;SHINKIATAM;6700;0
5;TINTIUKENTSA;6700;0
6;SHAINKIAM;6700;0
7;SASAIMI;6700;0
8;CANGAIME SUR;6700;0
9;ISHPINK;6700;0
11;CHIARENTSA;6700;0
1;ARAJUNO;6705;0
2;PITACOCHA;6705;0
3;OBEPARE;6705;0
1;RIO VERDE;6720;0
2;CABUYAL;6720;0
1;LODANA;6725;2
2;CAMINO NUEVO;6725;2
1;PALANDA;6740;0
2;VALLE HERMOZO;6740;0
3;PUCARON;6740;0
1;CENTRO ELOY ALFARO;6745;2
2;TERESA DE CALCUTA;6745;2
3;KIWANI;6745;2
4;LA AURORA;6745;2
89;VOTO EN CASA;6745;2
1;JAMA;6750;1
2;LA MOCORA;6750;1
3;RAMBUCHE;6750;1
4;BIGUA;6750;1
5;COLORADO;6750;1
1;CARLOS J. AROSEMENA TOLA;6760;0
2;NUEVA ESPERANZA;6760;0
1;TARAPOA;6765;0
2;CENTRO UNIÓN;6765;0
3;CENTRO ENO;6765;0
4;TAIKIWA;6765;0
5;SOTOSIAYA;6765;0
1;18 DE OCTUBRE - COLISEO ELOY ALFARO;6770;2
2;EL MAESTRO;6770;2
3;EL PERIODISTA;6770;2
4;MUNICIPAL;6770;2
89;VOTO EN CASA;6770;2
1;FRANCISCO PACHECO;6775;2
2;FATIMA;6775;2
3;NUEVO PORTOVIEJO;6775;2
1;SAN VICENTE;6785;1
2;SALINAS;6785;1
1;EL CAMBIO;6795;0
3;LA UNION COLOMBIANA;6795;0
4;CORRALITOS;6795;0
1;BARREIRO /SANTA RITA;6830;0
2;BARREIRO NUEVO;6830;0
1;LA AURORA;6850;4
2;RÍO DAULE;6850;4
1;HERMANO MIGUEL;6865;0
2;UNCOVIA;6865;0
3;EL PROGRESO;6865;0
1;PABLO SEXTO;6870;0
2;LA OCTAVA;6870;0
1;CAMILO PONCE ENRIQUEZ;6875;0
2;ZHUMIRAL;6875;0
3;SAN ALFONSO;6875;0
4;SANTA MARTHA;6875;0
5;BELLA RICA;6875;0
6;SAN GERARDO;6875;0
1;PAQUISHA;6885;0
2;RIO BLANCO;6885;0
1;SANTIAGO;6890;0
2;TAYUNTS;6890;0
3;COMUNIDAD MAYAIK;6890;0
1;EL TRIUNFO;6895;0
2;CHIPE HAMBURGO 1;6895;0
3;CHIPE HAMBURGO 2;6895;0
4;ESTERO HONDO;6895;0
1;SIMON PLATA TORRES;6905;0
2;VALLE DE SAN RAFAEL;6905;0
3;CASA BONITA;6905;0
4;LA TOLITA;6905;0
1;QUINSALOMA;6915;0
2;PAMBILAR DE CALOPE;6915;0
1;PLATANILLOS;6950;0
2;VALLE HERMOSO;6950;0
1;BELISARIO QUEVEDO;7130;1
2;LA GASCA;7130;1
3;LA PRIMAVERA;7130;1
4;LAS CASAS - LA GRANJA;7130;1
5;PAMBACHUPA;7130;1
1;CARCELEN;7135;1
2;BALCON DEL NORTE;7135;1
3;CARCELEN BAJO;7135;1
4;CARCELEN LIBRE;7135;1
5;CORAZON DE JESUS;7135;1
6;LOS EUCALIPTOS;7135;1
7;LOS MASTODONTES;7135;1
1;CENTRO HISTORICO;7140;2
2;DON BOSCO;7140;2
3;LA LOMA;7140;2
4;LA VICTORIA;7140;2
5;PANECILLO;7140;2
6;RECOLETA;7140;2
89;VOTO EN CASA;7140;2
1;COCHAPAMBA;7145;1
2;ATUCUCHO;7145;1
3;BELLAVISTA;7145;1
4;CORDILLERA - EL PORVENIR;7145;1
5;EL PINAR ALTO;7145;1
6;LA PULIDA;7145;1
7;SAN VICENTE;7145;1
1;COMITE DEL PUEBLO;7150;1
2;CARRETAS;7150;1
3;LA BOTA;7150;1
4;COLLA LOMA;7150;1
1;CHILIBULO;7155;2
2;CUARTEL MARISCAL SUCRE;7155;2
3;LA SANTIAGO;7155;2
4;MAGDALENA ALTA;7155;2
5;MAGDALENA BAJA;7155;2
6;SAN JOSE DE CHILIBULO;7155;2
7;YAGUACHI;7155;2
1;EL CONDADO;7160;1
2;COLINAS DEL NORTE;7160;1
3;ROLDOS - PISULI;7160;1
4;RANCHO BAJO;7160;1
5;LA CAMPIÑA;7160;1
6;SANTA ANITA;7160;1
1;GUAMANÍ;7165;2
2;NUEVA AURORA;7165;2
3;PLAN VICTORIA;7165;2
4;JOSE PERALTA;7165;2
5;MATILDE ALVAREZ;7165;2
6;TURUBAMBA DE MONJAS;7165;2
1;IÑAQUITO;7170;1
2;24 DE MAYO;7170;1
3;BATAN - LA PAZ;7170;1
4;BENALCAZAR;7170;1
5;LA CAROLINA;7170;1
1;ITCHIMBIA;7175;1
2;GUAPULO;7175;1
3;LA VICENTINA;7175;1
4;SAN PABLO;7175;1
5;TOLA BAJA;7175;1
1;JIPIJAPA;7180;1
2;EL INCA;7180;1
3;LOS LAURELES;7180;1
4;MONTESERRIN;7180;1
5;ZALDUMBIDE;7180;1
1;KENNEDY;7185;1
2;RUMIÑAHUI;7185;1
3;DAMMER - LOS ALAMOS;7185;1
4;LA LUZ;7185;1
5;LAS ACACIAS;7185;1
6;LOS PINOS;7185;1
7;COFAVI;7185;1
8;SANTA LUCIA;7185;1
1;LA ARGELIA;7190;2
2;EL MIRADOR - SANTA ROSA;7190;2
3;LUCHA DE LOS POBRES - GUAJALO;7190;2
4;ORIENTE QUITEÑO;7190;2
5;SAN MARTIN;7190;2
1;LA CONCEPCION;7195;1
2;SAN CARLOS;7195;1
3;AEROPUERTO;7195;1
4;EL ROSARIO;7195;1
1;LA ECUATORIANA;7200;2
2;2 DE FEBRERO;7200;2
3;LAS ORQUIDEAS;7200;2
4;LAS ORQUIDEAS ALTAS;7200;2
5;MANUELA SAENZ;7200;2
6;NUEVOS HORIZONTES;7200;2
1;LA FERROVIARIA;7205;2
2;20 DE MAYO - LAS VERTIENTES;7205;2
3;CHAHUARQUINGO;7205;2
4;EL RECREO;7205;2
5;ELOY ALFARO;7205;2
6;FORESTAL;7205;2
7;SAN PATRICIO;7205;2
1;LA MENA;7210;2
2;TARQUI;7210;2
3;SANTA BARBARA;7210;2
4;SANTA ROSA;7210;2
5;SAN FERNANDO;7210;2
1;MARISCAL SUCRE;7215;1
2;LA FLORESTA;7215;1
1;PONCEANO;7220;1
2;PONCEANO ALTO;7220;1
3;LA OFELIA;7220;1
1;PUENGASI;7225;2
2;BALCON DEL VALLE;7225;2
3;EDEN DEL VALLE;7225;2
4;JARDIN DEL VALLE - ALMA LOJANA;7225;2
5;ORQUIDEAS;7225;2
6;SAN JOSE DE MONJAS;7225;2
1;QUITUMBE;7230;2
2;EJERCITO NACIONAL;7230;2
3;EL VERGEL;7230;2
4;NUEVOS HORIZONTES DEL SUR;7230;2
5;PUEBLO SOLO PUEBLO;7230;2
6;PUEBLO UNIDO;7230;2
7;SALVADOR ALLENDE;7230;2
1;RUMIPAMBA;7235;1
2;GRANDA CENTENO;7235;1
3;QUITO TENNIS;7235;1
4;SAN GABRIEL;7235;1
1;SAN BARTOLO;7240;2
2;BARRIONUEVO;7240;2
3;QUITO SUR;7240;2
4;CLEMENTE BALLEN;7240;2
5;EL CALZADO;7240;2
1;SAN ISIDRO DEL INCA;7245;1
2;AMAGASI;7245;1
3;LA QUINTANA;7245;1
4;LOS ALAMOS;7245;1
5;SOLCA;7245;1
1;SAN JUAN;7250;1
2;BARRIO LARREA;7250;1
3;EL PLACER - EL TEJAR;7250;1
4;LA AMERICA;7250;1
5;MIRAFLORES BAJO;7250;1
6;TOCTIUCO;7250;1
1;SOLANDA;7255;2
2;GONZ. ZALDUMBIDE - MAYORISTA;7255;2
3;SANTA RITA;7255;2
4;REGISTRO CIVIL;7255;2
1;TURUBAMBA;7260;2
2;CAUPICHU;7260;2
3;ETERNIT;7260;2
4;BEATERIO;7260;2
5;EL CONDE;7260;2
6;CAMPO ALEGRE;7260;2
7;SANTO THOMAS;7260;2
1;LA PUNTILLA(SATELITE);7445;3
2;LA PUNTILLA NORTE;7445;3
1;EL RECREO;7455;3
2;LA LOMA;7455;3
1;ANIBAL SAN ANDRES;7460;2
2;PEPA DE HUSO-LA SEQUITA;7460;2
1;LEONIDAS PROAÑO;7495;2
2;TIERRA SANTA;7495;2
1;JAMBELI;7510;0
2;CIUDADELA 10 DE SEPTIEMBRE;7510;0
1;DIVINO NIÑO;7515;3
2;SECAP;7515;3
3;HÉCTOR COBOS;7515;3
1;LA CONCORDIA;7520;0
2;FLOR DEL VALLE;7520;0
3;LAS VEGAS;7520;0
4;SANTA ROSA;7520;0
5;VIRGEN DEL CISNE;7520;0
6;10 DE AGOSTO;7520;0
7;ALIANZA;7520;0
89;VOTO EN CASA;7520;0
1;CARIGAN;7525;0
2;LAS PITAS;7525;0
3;LA BANDA;7525;0
1;LA ARGELIA;7530;0
3;LA TEBAIDA;7530;0
4;SAN PEDRO;7530;0
5;COLINAS LOJANAS;7530;0
1;BERLIN;9001;0
2;BONN;9001;0
3;HAMBURGO;9001;0
1;.BUENOS AIRES;9003;0
1;CAMBERRA;9005;0
2;SYDNEY;9005;0
1;.VIENA;9006;0
1;.BRUSELAS;9007;0
1;.LA PAZ;9008;0
1;.BRASILIA;9009;0
1;.TORONTO;9011;0
1;OTTAWA;9012;0
2;MONTREAL;9012;0
1;.BOGOTA;9013;0
1;IPIALES;9015;0
2;CALI;9015;0
1;.SEUL;9016;0
1;.SAN JOSE;9017;0
1;HABANA / HABANA;9018;0
5;HABANA / SANTA CLARA;9018;0
1;.SANTIAGO;9019;0
1;.BEIJING;9020;0
1;.PALMA DE MALLORCA;9021;0
1;.SAN SALVADOR;9022;0
1;.BARCELONA;9023;0
2;BARCELONA / TERRASSA;9023;0
3;BARCELONA / NAVARRA;9023;0
1;.MADRID;9024;0
2;MADRID / TOLEDO;9024;0
1;.VALENCIA;9025;0
2;.ALICANTE;9025;0
1;.MURCIA;9026;0
2;MURCIA / JUMILLA - YECLA;9026;0
3;MURCIA / LORCA;9026;0
4;MURCIA / CARTAGENA MAR MENOR;9026;0
1;.CHICAGO;9027;0
1;MIAMI / MIAMI;9028;0
2;MIAMI / ORLANDO;9028;0
1;.NUEVA YORK;9029;0
2;NUEVA YORK / QUEENS;9029;0
3;NUEVA YORK / HUDSON VALLEY;9029;0
4;NUEVA YORK / LONG ISLAND;9029;0
1;.WASHINGTON;9031;0
1;LOS ANGELES;9032;0
2;SAN FRANCISCO;9032;0
1;.CONNECTICUT;9033;0
2;CONNECTICUT / GREATER DANBURY;9033;0
1;HOUSTON;9034;0
2;NEW ORLEANS;9034;0
1;.NEW JERSEY;9035;0
2;NEW JERSEY / PLAINFIELD;9035;0
3;NEW JERSEY / HIGHSTOWN - TRENTON;9035;0
1;.PARIS;9036;0
1;LONDRES;9037;0
2;LISBOA;9037;0
1;.GUATEMALA;9038;0
1;TEGUCIGALPA;9039;0
2;MANAGUA;9039;0
1;.BUDAPEST;9040;0
1;.TEL AVIV;9042;0
1;MILAN / MILAN;9043;0
2;MILAN / TURIN;9043;0
1;.GENOVA;9044;0
1;.ROMA;9045;0
1;.TOKIO;9046;0
1;.MEXICO;9047;0
1;.LA HAYA;9049;0
1;.PANAMA;9050;0
1;.ASUNCION;9051;0
1;.LIMA;9052;0
1;TUMBES;9054;0
2;PIURA;9054;0
1;.EL CAIRO;9055;0
1;.SANTO DOMINGO;9056;0
1;.ESTOCOLMO;9057;0
1;BERNA;9058;0
2;LAUSANNE;9058;0
1;MOSCU;9060;0
2;BELARÚS;9060;0
1;.MONTEVIDEO;9061;0
1;CARACAS;9062;0
3;VALENCIA;9062;0
1;.YAKARTA;9063;0
1;MALAGA / MALAGA;9066;0
2;MALAGA / SEVILLA Y CORDOVA;9066;0
3;MALAGA / ALMERIA;9066;0
4;MALAGA / GRANADA;9066;0
5;MALAGA / MARBELLA;9066;0
6;MALAGA / HUELVA;9066;0
8;MALAGA / VERA;9066;0
1;SAO PAULO;9067;0
2;RIO DE JANEIRO;9067;0
1;.SHANGAI;9068;0
1;.MINNEAPOLIS;9069;0
1;.ATLANTA;9071;0
2;ATLANTA / CHARLOTTE;9071;0
1;.PHOENIX;9073;0
1;.GUANZHOU;9075;0
1;.PRETORIA;9077;0
1;.ANKARA;9078;0
1;.MONTERREY;9086;0
